player_id,stat_type,name,percent_owned,status,ownership,FGM/A,FTM/A,GP,MIN,FGA,FGM,FG%,FTA,FTM,FT%,3PTA,3PTM,3PT%,PTS,OFFREB,DEFREB,REB,AST,ST,BLK,TO,PF,IMPACT_FG,IMPACT_FT
3704,lastmonth,LeBron James,100,GTD,THANKS 4 DAFREEBANDZ,140/264,49/75,13,472,264,140,0.53,75,49,0.653,86,23,0.267,352,6,103,109,104,21,11,55,23,19.487379032258072,3.405104838709679
3706,lastmonth,Carmelo Anthony,56,,World B. Flat,81/181,29/36,14,356,181,81,0.448,36,29,0.806,70,30,0.429,221,10,31,41,23,12,13,17,32,4.632840725806454,6.45226612903226
3818,lastmonth,Dwight Howard,11,,Mount Zionüí™üèæ,30/49,20/30,13,177,49,30,0.612,30,20,0.667,4,1,0.25,81,31,50,81,12,3,10,16,31,6.635866935483871,1.6698387096774203
3930,lastmonth,Chris Paul,99,,THANKS 4 DAFREEBANDZ,82/162,25/27,14,428,162,82,0.506,27,25,0.926,64,29,0.453,218,3,66,69,131,17,5,30,26,9.446036290322583,8.562298387096776
3971,lastmonth,Lou Williams,57,,Josh's Unreal Team,89/197,43/49,14,374,197,89,0.452,49,43,0.878,48,20,0.417,241,7,31,38,66,15,1,32,13,5.446405241935487,12.663153225806452
4130,lastmonth,LaMarcus Aldridge,85,GTD,The Stephfather,8/23,15/16,3,64,23,8,0.348,16,15,0.938,8,3,0.375,34,2,14,16,1,1,2,4,9,-0.3424354838709678,5.317379032258064
4152,lastmonth,Kyle Lowry,98,,World B. Flat,74/140,29/35,11,354,140,74,0.529,35,29,0.829,65,32,0.492,209,7,41,48,77,14,3,25,33,10.226471774193552,7.119266129032257
4244,lastmonth,Kevin Durant,100,INJ,Herro Ball,11/27,4/6,2,52,27,11,0.407,6,4,0.667,9,2,0.222,28,0,11,11,11,1,3,7,4,0.17815120967741926,0.33396774193548406
4245,lastmonth,Al Horford,82,,ahmad's Team,72/164,9/11,11,325,164,72,0.439,11,9,0.818,64,18,0.281,171,13,53,66,50,10,10,11,23,3.4700806451612918,2.1104274193548385
4246,lastmonth,Mike Conley,86,,Ryan's Team,36/83,10/11,7,197,83,36,0.434,11,10,0.909,43,21,0.488,103,5,16,21,32,11,1,10,14,1.5550403225806457,3.25491935483871
4247,lastmonth,Jeff Green,12,GTD,Keldon's Johnson,40/88,14/19,10,281,88,40,0.455,19,14,0.737,40,15,0.375,109,5,25,30,14,6,3,5,12,2.5678225806451627,2.1488870967741933
4290,lastmonth,Thaddeus Young,74,,Mount Zionüí™üèæ,88/140,12/23,14,360,140,88,0.629,23,12,0.522,3,0,0.0,188,37,54,91,63,21,10,26,36,20.961209677419358,-0.738096774193548
4387,lastmonth,Derrick Rose,64,INJ,JR Dreamers,47/109,21/24,10,248,109,47,0.431,24,21,0.875,22,10,0.455,125,1,25,26,49,11,6,19,12,1.889191532258065,6.12133064516129
4390,lastmonth,Russell Westbrook,100,,JR Dreamers,119/269,52/99,15,515,269,119,0.442,99,52,0.525,47,10,0.213,300,27,121,148,151,20,5,73,42,6.092272177419358,-3.042419354838708
4391,lastmonth,Kevin Love,75,INJ,Mount Zionüí™üèæ,0/0,0/0,0,0,0,0,0.0,0,0,0.0,0,0,0.0,0,0,0,0,0,0,0,0,0,-0.0,-0.0
4468,lastmonth,Danilo Gallinari,58,,Check Da Statistacss,53/140,41/45,14,358,140,53,0.379,45,41,0.911,85,34,0.4,181,2,57,59,28,12,2,13,32,-0.62563508064516,13.42716935483871
4469,lastmonth,Eric Gordon,52,GTD,JR Dreamers,51/127,36/43,9,286,127,51,0.402,43,36,0.837,73,21,0.288,159,1,18,19,31,3,5,18,19,0.5709737903225829,9.125709677419355
4472,lastmonth,Brook Lopez,75,,Ay-ton of drugs,59/127,27/33,15,406,127,59,0.465,33,27,0.818,58,18,0.31,163,21,57,78,8,9,17,16,38,4.377538306451616,6.331282258064515
4486,lastmonth,Serge Ibaka,78,,Ryan's Team,61/126,6/8,15,346,126,61,0.484,8,6,0.75,43,12,0.279,140,20,78,98,27,4,18,14,28,5.6849294354838715,0.9989516129032259
4487,lastmonth,Nicolas Batum,46,,World B. Flat,31/76,8/10,13,386,76,31,0.408,10,8,0.8,51,20,0.392,90,11,53,64,30,17,7,11,19,0.5330624999999998,1.7319354838709682
4497,lastmonth,DeAndre Jordan,66,,THANKS 4 DAFREEBANDZ,50/71,14/25,13,353,71,50,0.704,25,14,0.56,1,0,0.0,114,28,84,112,29,5,21,24,29,15.65977822580645,-0.32911290322580555
4507,lastmonth,Goran Dragic,66,,World B. Flat,31/65,20/22,6,167,65,31,0.477,22,20,0.909,21,8,0.381,90,0,17,17,19,4,1,12,15,2.6720625,6.50983870967742
4563,lastmonth,James Harden,100,,Ryan's Team,123/243,72/88,14,522,243,123,0.506,88,72,0.818,114,51,0.447,369,14,113,127,154,19,10,59,27,14.169054435483874,16.883419354838708
4610,lastmonth,Ricky Rubio,63,,ahmad's Team,53/124,29/36,15,416,124,53,0.427,36,29,0.806,53,22,0.415,157,7,36,43,108,19,0,30,41,1.9183649193548393,6.45226612903226
4612,lastmonth,Stephen Curry,100,,The Stephfather,138/283,74/79,13,456,283,138,0.488,79,74,0.937,169,69,0.408,419,5,64,69,86,19,0,37,19,13.412987903225808,26.158403225806456
4614,lastmonth,DeMar DeRozan,97,,Mount Zionüí™üèæ,59/126,57/62,9,308,126,59,0.468,62,57,0.919,15,3,0.2,178,6,36,42,77,8,0,15,14,4.554538306451615,19.12304032258065
4622,lastmonth,Jrue Holiday,97,,World B. Flat,25/48,4/8,5,113,48,25,0.521,8,4,0.5,15,4,0.267,58,5,4,9,24,6,1,8,9,3.2548891129032267,-0.3340322580645161
4716,lastmonth,John Wall,94,,Mount Zionüí™üèæ,103/248,59/85,12,405,248,103,0.415,85,59,0.694,82,25,0.305,290,3,28,31,74,9,8,41,14,2.49214314516129,6.519024193548384
4724,lastmonth,Gordon Hayward,97,,THANKS 4 DAFREEBANDZ,68/150,35/41,10,324,150,68,0.453,41,35,0.854,47,16,0.34,187,12,44,56,40,16,1,17,12,4.229298387096776,9.467217741935483
4725,lastmonth,Paul George,100,GTD,World B. Flat,57/120,19/23,7,226,120,57,0.475,23,19,0.826,54,20,0.37,153,11,30,41,37,6,5,19,18,4.799147177419354,4.607346774193548
4749,lastmonth,Eric Bledsoe,79,,Herro Ball,61/145,30/42,16,465,145,61,0.421,42,30,0.714,71,26,0.366,178,5,50,55,64,14,4,18,24,1.8419294354838711,3.9147580645161284
4764,lastmonth,Hassan Whiteside,59,INJ,Mount Zionüí™üèæ,37/64,10/17,9,136,64,37,0.578,17,10,0.588,0,0,0.0,84,16,45,61,5,2,17,9,18,6.926235887096773,0.04491935483870946
4840,lastmonth,Kyrie Irving,100,,World B. Flat,107/224,39/48,11,387,224,107,0.478,48,39,0.813,82,30,0.366,283,18,34,52,69,13,4,25,29,9.329925403225806,8.950185483870966
4884,lastmonth,Tristan Thompson,33,,World B. Flat,61/110,24/38,16,371,110,61,0.555,38,24,0.632,2,0,0.0,146,56,75,131,21,7,4,11,28,10.015929435483875,1.1638064516129036
4886,lastmonth,Jonas Valanciunas,96,,Herro Ball,104/191,33/42,15,413,191,104,0.545,42,33,0.786,14,6,0.429,247,61,120,181,26,7,5,29,39,16.036338709677427,6.682233870967743
4890,lastmonth,Kemba Walker,89,,Herro Ball,86/216,48/52,13,422,216,86,0.398,52,48,0.923,111,44,0.396,264,5,41,46,61,11,6,32,18,0.6188185483871002,16.29561290322581
4893,lastmonth,Alec Burks,20,,Check Da Statistacss,48/120,14/15,14,331,120,48,0.4,15,14,0.933,65,24,0.369,134,7,56,63,24,7,0,15,25,0.4413870967741955,4.892887096774194
4896,lastmonth,Kawhi Leonard,100,,THANKS 4 DAFREEBANDZ,107/211,65/79,11,389,211,107,0.507,79,65,0.823,61,22,0.361,301,12,76,88,46,9,3,26,19,12.43292540322581,15.56697580645161
4897,lastmonth,Nikola Vucevic,100,,Ryan's Team,155/316,43/50,14,486,316,155,0.491,50,43,0.86,99,38,0.384,391,20,151,171,57,12,13,24,23,15.5303125,11.889153225806451
4899,lastmonth,Enes Kanter,80,,Check Da Statistacss,77/130,25/35,14,422,130,77,0.592,35,25,0.714,0,0,0.0,179,60,126,186,16,5,10,14,46,15.492058467741934,3.2622983870967737
4901,lastmonth,Tobias Harris,96,,Mount Zionüí™üèæ,85/163,43/47,11,392,163,85,0.521,47,43,0.915,37,11,0.297,224,13,80,93,47,9,8,11,23,11.066622983870971,14.254153225806453
4912,lastmonth,Jimmy Butler,100,,Check Da Statistacss,87/191,101/117,13,447,191,87,0.455,117,101,0.863,21,8,0.381,283,27,82,109,118,24,4,37,18,5.585014112903229,28.22868548387097
4913,lastmonth,Bojan Bogdanovic,77,,ahmad's Team,79/170,36/41,14,437,170,79,0.465,41,36,0.878,96,39,0.406,233,7,53,60,26,10,1,19,22,5.861449596774197,10.601709677419356
4926,lastmonth,Davis Bertans,63,,Keldon's Johnson,53/118,32/35,15,405,118,53,0.449,35,32,0.914,107,49,0.458,187,7,42,49,12,10,3,7,38,3.08436491935484,10.575741935483872
5007,lastmonth,Anthony Davis,100,INJ,World B. Flat,34/60,11/13,3,94,60,34,0.567,13,11,0.846,7,1,0.143,80,7,11,18,5,3,3,6,4,5.990649193548386,2.8874112903225804
5009,lastmonth,Bradley Beal,100,,ahmad's Team,157/329,119/127,15,527,329,157,0.477,127,119,0.937,92,28,0.304,461,17,70,87,72,23,3,48,38,13.532703629032257,42.06554032258065
5012,lastmonth,Damian Lillard,100,,Josh's Unreal Team,136/314,93/102,14,503,314,136,0.433,102,93,0.912,168,66,0.393,431,7,47,54,126,18,3,51,24,5.73859677419355,30.549750000000003
5013,lastmonth,Harrison Barnes,81,,Ryan's Team,64/133,45/59,12,431,133,64,0.481,59,45,0.763,51,18,0.353,191,11,59,70,43,11,1,15,20,5.772516129032258,8.077137096774194
5014,lastmonth,Terrence Ross,69,,Herro Ball,92/226,28/31,14,447,226,92,0.407,31,28,0.903,102,36,0.353,248,6,59,65,39,16,9,26,22,1.4899919354838702,8.945774193548388
5015,lastmonth,Andre Drummond,97,O,Herro Ball,33/64,7/13,5,129,64,33,0.516,13,7,0.538,1,0,0.0,73,16,29,45,11,9,2,11,11,4.131453629032259,-0.3185564516129029
5054,lastmonth,Evan Fournier,78,GTD,The Stephfather,54/117,28/36,8,243,117,54,0.462,36,28,0.778,59,24,0.407,160,1,32,33,32,8,1,19,13,3.84456048387097,5.445774193548388
5068,lastmonth,Jae Crowder,34,,Herro Ball,43/93,2/4,12,328,93,43,0.462,4,2,0.5,68,30,0.441,118,8,59,67,24,10,6,11,14,3.06140927419355,-0.16701612903225804
5069,lastmonth,Draymond Green,90,GTD,ahmad's Team,35/79,10/15,13,428,79,35,0.443,15,10,0.667,23,7,0.304,87,13,84,97,139,23,18,40,49,1.8268447580645168,0.8349193548387102
5073,lastmonth,Khris Middleton,99,,Keldon's Johnson,113/240,52/62,15,523,240,113,0.471,62,52,0.839,71,28,0.394,306,12,76,88,82,19,3,46,36,9.06209879032258,13.28558064516129
5074,lastmonth,Will Barton,45,,World B. Flat,63/131,9/11,12,380,131,63,0.481,11,9,0.818,46,18,0.391,153,8,46,54,36,8,3,28,16,5.682320564516129,2.1104274193548385
5142,lastmonth,Justin Holiday,55,,Check Da Statistacss,55/129,16/19,13,438,129,55,0.426,19,16,0.842,102,43,0.422,169,8,42,50,31,17,5,11,21,1.9357560483870973,4.135870967741935
5153,lastmonth,Victor Oladipo,91,,Ryan's Team,47/125,23/30,7,232,125,47,0.376,30,23,0.767,51,16,0.314,133,5,33,38,30,12,4,15,16,-0.6958084677419345,4.220314516129033
5157,lastmonth,Nerlens Noel,62,,THANKS 4 DAFREEBANDZ,40/58,10/14,12,360,58,40,0.69,14,10,0.714,0,0,0.0,90,38,54,92,12,14,28,17,47,11.96782258064516,1.3049193548387095
5161,lastmonth,CJ McCollum,95,INJ,Josh's Unreal Team,0/0,0/0,0,0,0,0,0.0,0,0,0.0,0,0,0.0,0,0,0,0,0,0,0,0,0,-0.0,-0.0
5163,lastmonth,Steven Adams,82,,JR Dreamers,44/64,12/34,14,344,64,44,0.688,34,12,0.353,0,0,0.0,100,50,55,105,20,11,9,14,27,13.076604838709676,-2.7660967741935485
5185,lastmonth,Giannis Antetokounmpo,100,,Ay-ton of drugs,169/309,121/166,15,531,309,169,0.547,166,121,0.729,55,16,0.291,475,29,156,185,86,22,27,52,44,26.397050403225816,17.604524193548386
5187,lastmonth,Dennis Schroder,78,,Ay-ton of drugs,57/125,50/59,10,328,125,57,0.456,59,50,0.847,30,9,0.3,173,4,29,33,51,9,5,29,27,3.716147177419357,13.174596774193548
5192,lastmonth,Mason Plumlee,75,,Ay-ton of drugs,67/104,23/39,13,399,104,67,0.644,39,23,0.59,1,0,0.0,157,31,96,127,68,8,17,29,45,16.964102822580646,0.1493145161290318
5194,lastmonth,Tim Hardaway Jr.,63,,JR Dreamers,57/134,22/25,11,282,134,57,0.425,25,22,0.88,77,27,0.351,163,6,17,23,17,5,2,8,16,1.9491471774193552,6.522822580645162
5197,lastmonth,Rudy Gobert,100,,JR Dreamers,83/115,54/81,14,449,115,83,0.722,81,54,0.667,1,0,0.0,220,36,142,178,17,7,40,30,37,27.48923185483871,4.508564516129034
5245,lastmonth,Seth Curry,60,,JR Dreamers,54/127,23/27,12,398,127,54,0.425,27,23,0.852,59,24,0.407,155,3,25,28,35,11,3,22,19,1.8465604838709682,6.175314516129032
5253,lastmonth,Robert Covington,85,,World B. Flat,43/101,10/14,14,470,101,43,0.426,14,10,0.714,72,27,0.375,123,13,97,110,21,21,30,18,32,1.5134092741935488,1.3049193548387095
5292,lastmonth,Andrew Wiggins,90,,THANKS 4 DAFREEBANDZ,92/199,33/47,15,497,199,92,0.462,47,33,0.702,71,22,0.31,239,14,48,62,33,19,9,36,31,6.549991935483875,3.910233870967741
5294,lastmonth,Joel Embiid,100,INJ,The Stephfather,119/250,128/148,12,416,250,119,0.476,148,128,0.865,37,15,0.405,381,34,120,154,50,15,18,37,32,10.138272177419354,36.030967741935484
5295,lastmonth,Aaron Gordon,79,INJ,Mount Zionüí™üèæ,0/0,0/0,0,0,0,0,0.0,0,0,0.0,0,0,0.0,0,0,0,0,0,0,0,0,0,-0.0,-0.0
5317,lastmonth,Marcus Smart,81,INJ,Josh's Unreal Team,0/0,0/0,0,0,0,0,0.0,0,0,0.0,0,0,0.0,0,0,0,0,0,0,0,0,0,-0.0,-0.0
5318,lastmonth,Julius Randle,97,,Keldon's Johnson,125/253,57/71,14,514,253,125,0.494,71,57,0.803,78,33,0.423,340,19,139,158,67,10,5,42,38,12.89944556451613,12.511040322580648
5324,lastmonth,Zach LaVine,100,,Herro Ball,165/303,63/77,14,499,303,165,0.545,77,63,0.818,109,53,0.486,446,13,58,71,69,12,3,51,35,25.4422681451613,14.77299193548387
5325,lastmonth,T.J. Warren,58,INJ,Herro Ball,0/0,0/0,0,0,0,0,0.0,0,0,0.0,0,0,0.0,0,0,0,0,0,0,0,0,0,-0.0,-0.0
5327,lastmonth,Jusuf Nurkic,87,INJ,Keldon's Johnson,0/0,0/0,0,0,0,0,0.0,0,0,0.0,0,0,0.0,0,0,0,0,0,0,0,0,0,-0.0,-0.0
5336,lastmonth,Clint Capela,96,GTD,ahmad's Team,98/148,24/42,13,386,148,98,0.662,42,24,0.571,0,0,0.0,220,66,112,178,7,9,28,20,31,26.57716532258065,-0.30019354838709766
5338,lastmonth,Bogdan Bogdanovic,53,,Ay-ton of drugs,5/13,2/2,2,36,13,5,0.385,2,2,1.0,9,2,0.222,14,0,4,4,5,0,1,2,3,-0.0290221774193547,0.832983870967742
5341,lastmonth,Kyle Anderson,73,,Ay-ton of drugs,71/130,32/42,13,351,130,71,0.546,42,32,0.762,54,23,0.426,197,11,55,66,41,24,10,16,22,11.018885080645166,5.711741935483872
5344,lastmonth,Joe Harris,72,,THANKS 4 DAFREEBANDZ,72/127,13/17,14,415,127,72,0.567,17,13,0.765,91,49,0.538,206,4,42,46,16,8,1,9,26,12.686080645161288,2.359395161290323
5350,lastmonth,Jerami Grant,94,GTD,THANKS 4 DAFREEBANDZ,90/222,67/72,12,442,222,90,0.405,72,67,0.931,91,28,0.308,275,1,53,54,35,7,11,30,32,1.277600806451617,23.28195967741936
5352,lastmonth,Nikola Jokic,100,,Keldon's Johnson,168/295,65/67,15,544,295,168,0.569,67,65,0.97,61,28,0.459,429,34,119,153,132,22,11,32,42,29.93685483870967,25.121975806451612
5357,lastmonth,Jordan Clarkson,80,,Keldon's Johnson,94/227,23/24,14,380,227,94,0.414,24,23,0.958,135,46,0.341,257,11,34,45,44,14,1,22,23,2.180383064516129,8.613314516129032
5393,lastmonth,Joe Ingles,50,,Josh's Unreal Team,61/112,23/25,14,396,112,61,0.545,25,23,0.92,81,40,0.494,185,5,43,48,64,8,5,23,22,9.405929435483875,7.739314516129033
5432,lastmonth,Karl-Anthony Towns,100,,ahmad's Team,97/192,46/52,12,391,192,97,0.505,52,46,0.885,64,24,0.375,264,32,93,125,46,12,16,41,49,11.076969758064518,13.868629032258065
5433,lastmonth,D'Angelo Russell,92,INJ,ahmad's Team,9/15,2/2,2,37,15,9,0.6,2,2,1.0,10,7,0.7,27,0,5,5,6,1,0,5,3,1.8827600806451612,0.832983870967742
5464,lastmonth,Kristaps Porzingis,96,,Check Da Statistacss,60/124,29/35,8,237,124,60,0.484,35,29,0.829,49,19,0.388,168,16,53,69,13,4,12,10,22,5.591733870967742,7.119266129032257
5471,lastmonth,Myles Turner,96,,THANKS 4 DAFREEBANDZ,56/127,36/45,13,400,127,56,0.441,45,36,0.8,62,17,0.274,165,19,63,82,6,9,35,13,48,2.810951612903227,7.793709677419357
5473,lastmonth,Devin Booker,100,O,Check Da Statistacss,151/291,71/84,15,488,291,151,0.519,84,71,0.845,77,30,0.39,403,3,56,59,77,12,2,40,43,19.35753024193549,18.56592741935484
5475,lastmonth,Kelly Oubre Jr.,92,GTD,The Stephfather,96/197,28/38,13,448,197,96,0.487,38,28,0.737,73,29,0.397,249,24,63,87,20,14,8,13,25,9.234774193548388,4.297774193548387
5476,lastmonth,Terry Rozier,89,,Ay-ton of drugs,111/214,36/38,13,445,214,111,0.519,38,36,0.947,106,47,0.443,305,6,42,48,50,20,3,35,26,14.229707661290327,13.085709677419354
5480,lastmonth,Delon Wright,66,INJ,ahmad's Team,44/75,24/32,8,275,75,44,0.587,32,24,0.75,20,10,0.5,122,13,25,38,49,14,3,12,10,8.632604838709677,3.9958064516129035
5482,lastmonth,Bobby Portis,57,,Keldon's Johnson,65/123,7/10,15,321,123,65,0.528,10,7,0.7,30,15,0.5,152,22,75,97,11,11,6,9,29,8.917711693548389,0.8154435483870965
5487,lastmonth,Larry Nance Jr.,54,INJ,The Stephfather,2/3,0/0,1,23,3,2,0.667,0,0,0.0,1,0,0.0,4,0,5,5,1,0,0,0,3,0.5523911290322582,-0.0
5492,lastmonth,Montrezl Harrell,85,,Josh's Unreal Team,84/139,40/49,14,321,139,84,0.604,49,40,0.816,2,0,0.0,208,34,61,95,17,7,12,16,28,17.90842741935484,9.299677419354836
5497,lastmonth,Richaun Holmes,86,,The Stephfather,73/114,18/22,12,332,114,73,0.64,22,18,0.818,1,0,0.0,164,31,76,107,17,8,13,15,43,18.191276209677422,4.220854838709677
5500,lastmonth,Josh Richardson,48,,Josh's Unreal Team,51/110,27/28,11,341,110,51,0.464,28,27,0.964,55,17,0.309,146,6,34,40,35,9,2,20,27,3.732973790322583,10.273282258064516
5506,lastmonth,Norman Powell,80,,Check Da Statistacss,120/221,61/65,15,510,221,120,0.543,65,61,0.938,96,45,0.469,346,11,45,56,32,18,2,35,39,18.26346774193549,21.624008064516126
5582,lastmonth,T.J. McConnell,54,,Ryan's Team,59/109,7/11,13,394,109,59,0.541,11,7,0.636,11,4,0.364,129,9,48,57,97,30,8,26,23,8.861538306451616,0.3674435483870969
5583,lastmonth,Christian Wood,98,INJ,JR Dreamers,0/0,0/0,0,0,0,0,0.0,0,0,0.0,0,0,0.0,0,0,0,0,0,0,0,0,0,-0.0,-0.0
5600,lastmonth,Ben Simmons,100,INJ,Ay-ton of drugs,90/142,49/68,11,396,142,90,0.634,68,49,0.721,1,1,1.0,230,26,57,83,77,15,4,35,29,21.887600806451616,6.737104838709676
5601,lastmonth,Brandon Ingram,100,,Ryan's Team,145/297,64/68,16,557,297,145,0.488,68,64,0.941,102,39,0.382,393,10,71,81,79,12,8,32,39,14.09335685483871,22.87948387096774
5602,lastmonth,Jaylen Brown,99,,The Stephfather,102/224,58/74,13,453,224,102,0.455,74,58,0.784,78,26,0.333,288,15,59,74,58,10,3,44,39,6.547947580645165,11.628532258064519
5637,lastmonth,Buddy Hield,92,,Ay-ton of drugs,85/212,26/31,15,528,212,85,0.401,31,26,0.839,152,55,0.362,251,6,60,66,55,7,3,24,36,0.8666229838709714,6.642790322580645
5638,lastmonth,Jamal Murray,99,,Check Da Statistacss,130/245,53/59,14,504,245,130,0.531,59,53,0.898,107,48,0.449,361,10,53,63,67,18,5,37,27,18.22542338709678,16.668072580645163
5640,lastmonth,Jakob Poeltl,56,,The Stephfather,36/60,7/16,10,293,60,36,0.6,16,7,0.438,0,0,0.0,79,29,66,95,16,8,23,14,27,7.531040322580645,-1.018556451612903
5642,lastmonth,Domantas Sabonis,100,,Josh's Unreal Team,90/193,61/83,13,474,193,90,0.466,83,61,0.735,37,10,0.27,251,29,95,124,86,18,14,43,46,6.767600806451616,9.241008064516128
5650,lastmonth,Malik Beasley,71,O,The Stephfather,93/206,13/17,12,427,206,93,0.451,17,13,0.765,126,56,0.444,255,10,39,49,35,12,2,23,22,5.5981875000000025,2.359395161290323
5651,lastmonth,Caris LeVert,78,INJ,Herro Ball,0/0,0/0,0,0,0,0,0.0,0,0,0.0,0,0,0.0,0,0,0,0,0,0,0,0,0,-0.0,-0.0
5658,lastmonth,Pascal Siakam,99,INJ,THANKS 4 DAFREEBANDZ,91/200,56/65,12,436,200,91,0.455,65,56,0.862,50,19,0.38,257,15,67,82,61,18,12,17,36,5.841796370967745,15.595548387096773
5660,lastmonth,Dejounte Murray,94,,Keldon's Johnson,75/157,23/26,10,323,157,75,0.478,26,23,0.885,30,10,0.333,183,3,63,66,56,23,1,16,16,6.539667338709678,6.9343145161290325
5663,lastmonth,Ivica Zubac,37,,Keldon's Johnson,56/83,25/32,15,312,83,56,0.675,32,25,0.781,0,0,0.0,137,39,82,121,19,4,9,17,37,15.914951612903229,4.937298387096775
5667,lastmonth,Malcolm Brogdon,96,,Ay-ton of drugs,93/214,24/27,12,417,214,93,0.435,27,24,0.889,60,19,0.317,229,14,53,67,62,9,3,28,23,4.110187500000001,7.331806451612904
5727,lastmonth,Fred VanVleet,99,INJ,Mount Zionüí™üèæ,77/210,59/65,13,493,210,77,0.367,65,59,0.908,110,42,0.382,255,7,53,60,93,21,12,31,40,-1.8329415322580636,19.14502419354839
5764,lastmonth,Lonzo Ball,92,,JR Dreamers,91/203,22/26,16,532,203,91,0.448,26,22,0.846,132,57,0.432,261,13,58,71,90,18,9,29,28,5.2047963709677445,5.774822580645161
5765,lastmonth,Jayson Tatum,100,,Mount Zionüí™üèæ,125/316,86/99,16,581,316,125,0.396,99,86,0.869,108,35,0.324,371,10,100,110,77,24,6,38,34,0.6494455645161337,24.552306451612903
5766,lastmonth,Josh Jackson,45,GTD,Ay-ton of drugs,76/170,46/67,13,363,170,76,0.447,67,46,0.687,55,16,0.291,214,22,54,76,28,13,9,34,40,4.270862903225808,4.760629032258068
5767,lastmonth,De'Aaron Fox,99,,Check Da Statistacss,126/276,59/94,14,513,276,126,0.457,94,59,0.628,82,27,0.329,338,8,36,44,127,15,6,44,46,8.340641129032262,2.625024193548388
5769,lastmonth,Lauri Markkanen,84,INJ,Check Da Statistacss,5/9,1/1,1,17,9,5,0.556,1,1,1.0,5,2,0.4,13,0,5,5,0,0,0,1,2,0.8259778225806456,0.416491935483871
5822,lastmonth,Dennis Smith Jr.,27,,Mount Zionüí™üèæ,40/99,6/8,12,247,99,40,0.404,8,6,0.75,40,14,0.35,100,10,28,38,46,15,8,16,19,0.5278225806451631,0.9989516129032259
5824,lastmonth,Malik Monk,40,,Keldon's Johnson,73/161,25/33,13,344,161,73,0.453,33,25,0.758,83,33,0.398,204,6,44,50,26,5,2,25,23,4.540276209677422,4.362298387096775
5826,lastmonth,Donovan Mitchell,100,,Keldon's Johnson,128/312,78/95,14,491,312,128,0.41,95,78,0.821,129,45,0.349,379,18,57,75,91,17,3,41,39,2.4570322580645154,18.524370967741934
5827,lastmonth,Bam Adebayo,100,GTD,Josh's Unreal Team,94/176,67/80,14,489,176,94,0.534,80,67,0.838,1,0,0.0,255,37,97,134,78,13,16,39,29,13.460383064516133,17.050959677419353
5832,lastmonth,John Collins,99,,Josh's Unreal Team,96/186,45/50,14,409,186,96,0.516,50,45,0.9,52,19,0.365,256,29,73,102,18,5,14,20,44,12.01877419354839,14.242137096774195
5835,lastmonth,Jarrett Allen,90,,Ryan's Team,84/126,51/72,14,430,126,84,0.667,72,51,0.708,8,4,0.5,223,49,102,151,27,4,23,23,20,23.200427419354842,6.349088709677418
5836,lastmonth,OG Anunoby,83,INJ,JR Dreamers,28/61,5/6,6,177,61,28,0.459,6,5,0.833,27,7,0.259,68,6,27,33,11,2,8,8,15,1.909475806451614,1.2474596774193547
5840,lastmonth,Kyle Kuzma,57,,Mount Zionüí™üèæ,73/161,13/20,13,378,161,73,0.453,20,13,0.65,76,26,0.342,185,41,71,112,16,8,7,24,25,4.540276209677422,0.864395161290323
5842,lastmonth,Derrick White,62,INJ,THANKS 4 DAFREEBANDZ,19/45,6/9,4,98,45,19,0.422,9,6,0.667,23,8,0.348,52,1,7,8,16,6,3,3,9,0.5927157258064517,0.5009516129032261
5843,lastmonth,Josh Hart,38,,Ryan's Team,58/131,29/36,16,481,131,58,0.443,36,29,0.806,75,22,0.293,167,15,101,116,35,12,7,15,42,3.0273427419354855,6.45226612903226
5858,lastmonth,Dillon Brooks,46,,Ryan's Team,76/184,26/30,12,360,184,76,0.413,30,26,0.867,66,23,0.348,201,9,22,31,29,18,7,21,42,1.6868629032258062,7.370790322580645
5880,lastmonth,Daniel Theis,52,,Herro Ball,47/93,17/29,14,353,93,47,0.505,29,17,0.586,33,11,0.333,122,17,47,64,19,9,19,15,45,5.367191532258065,0.04236290322580605
5894,lastmonth,Chris Boucher,83,,JR Dreamers,76/140,37/51,15,384,140,76,0.543,51,37,0.725,62,28,0.452,217,27,79,106,14,9,28,12,45,11.566862903225811,5.235201612903225
5905,lastmonth,Royce O'Neale,33,,Check Da Statistacss,35/90,6/7,14,479,90,35,0.389,7,6,0.857,65,23,0.354,99,20,69,89,43,12,6,19,44,-0.06315524193548278,1.6409516129032258
5958,lastmonth,Deandre Ayton,100,,Ay-ton of drugs,96/154,29/36,15,452,154,96,0.623,36,29,0.806,6,2,0.333,223,43,101,144,20,3,17,19,42,22.290774193548387,6.45226612903226
5959,lastmonth,Marvin Bagley III,79,,THANKS 4 DAFREEBANDZ,85/159,24/40,13,354,159,85,0.535,40,24,0.6,34,13,0.382,207,37,62,99,14,8,5,14,25,12.256622983870972,0.39580645161290295
6014,lastmonth,Luka Doncic,100,,JR Dreamers,109/210,59/85,10,359,210,109,0.519,85,59,0.694,86,40,0.465,317,6,70,76,80,9,7,46,24,13.97331653225807,6.519024193548384
6015,lastmonth,Jaren Jackson Jr.,81,INJ,World B. Flat,0/0,0/0,0,0,0,0,0.0,0,0,0.0,0,0,0.0,0,0,0,0,0,0,0,0,0,-0.0,-0.0
6016,lastmonth,Trae Young,100,,Herro Ball,110/251,106/122,14,493,251,110,0.438,122,106,0.869,99,39,0.394,365,9,50,59,141,15,4,65,28,5.191512096774195,30.262145161290324
6018,lastmonth,Wendell Carter Jr.,78,,Herro Ball,41/76,18/24,9,242,76,41,0.539,24,18,0.75,5,3,0.6,103,15,52,67,18,7,10,16,31,6.076018145161292,2.9968548387096776
6019,lastmonth,Collin Sexton,92,,Ay-ton of drugs,121/257,68/88,14,533,257,121,0.471,88,68,0.773,67,24,0.358,334,11,28,39,68,19,1,47,41,9.703663306451611,12.885451612903228
6021,lastmonth,Mikal Bridges,85,,Josh's Unreal Team,71/116,28/32,15,467,116,71,0.612,32,28,0.875,49,24,0.49,194,21,50,71,36,12,11,11,14,15.704885080645163,8.161774193548387
6022,lastmonth,Shai Gilgeous-Alexander,99,,ahmad's Team,94/185,67/79,11,388,185,94,0.508,79,67,0.848,60,28,0.467,283,4,49,53,67,6,7,31,22,11.016383064516132,17.720959677419355
6023,lastmonth,Miles Bridges,52,,Herro Ball,51/94,19/21,13,364,94,51,0.543,21,19,0.905,43,16,0.372,137,24,65,89,27,7,7,21,29,7.761973790322584,6.108346774193549
6025,lastmonth,Michael Porter Jr.,93,,Check Da Statistacss,77/162,17/25,15,464,162,77,0.475,25,17,0.68,91,35,0.385,206,20,95,115,13,10,19,16,35,6.483058467741936,1.6403629032258076
6028,lastmonth,Donte DiVincenzo,65,,ahmad's Team,65/155,10/19,15,436,155,65,0.419,19,10,0.526,76,28,0.368,168,23,63,86,53,12,4,19,28,1.8327116935483874,-0.57508064516129
6030,lastmonth,Kevin Huerter,62,,Ryan's Team,64/148,15/17,14,469,148,64,0.432,17,15,0.882,89,29,0.326,172,7,43,50,54,19,3,20,35,2.636516129032259,4.477379032258065
6038,lastmonth,Robert Williams,45,,The Stephfather,48/69,15/27,14,238,69,48,0.696,27,15,0.556,0,0,0.0,111,31,49,80,19,12,22,8,29,14.649387096774191,-0.4126209677419346
6044,lastmonth,Jalen Brunson,34,,Keldon's Johnson,58/107,22/28,11,298,107,58,0.542,28,22,0.786,46,18,0.391,156,1,51,52,36,8,0,12,17,8.769342741935487,4.454822580645162
6045,lastmonth,Devonte' Graham,70,INJ,Mount Zionüí™üèæ,10/22,0/0,3,58,22,10,0.455,0,0,0.0,13,4,0.308,24,2,6,8,7,1,0,4,2,0.6419556451612907,-0.0
6047,lastmonth,Mitchell Robinson,85,INJ,ahmad's Team,11/16,2/6,4,115,16,11,0.688,6,2,0.333,0,0,0.0,24,10,28,38,4,7,4,6,14,3.269151209677419,-0.501016129032258
6048,lastmonth,Gary Trent Jr.,59,,Josh's Unreal Team,90/213,18/23,14,494,213,90,0.423,23,18,0.783,120,43,0.358,241,10,27,37,26,12,1,12,25,2.8976008064516137,3.590854838709678
6073,lastmonth,Duncan Robinson,69,,Check Da Statistacss,62/148,11/14,15,497,148,62,0.419,14,11,0.786,125,45,0.36,180,1,61,62,23,8,1,15,48,1.7481250000000002,2.227411290322581
6114,lastmonth,Kendrick Nunn,57,,Ryan's Team,89/193,23/24,15,504,193,89,0.461,24,23,0.958,101,40,0.396,241,9,46,55,44,21,6,27,35,6.247405241935487,8.613314516129032
6163,lastmonth,Zion Williamson,100,,Mount Zionüí™üèæ,158/248,101/142,15,503,248,158,0.637,142,101,0.711,8,2,0.25,419,39,63,102,70,12,12,40,35,38.898899193548395,12.876685483870965
6164,lastmonth,Ja Morant,99,,The Stephfather,109/252,73/91,15,486,252,109,0.433,91,73,0.802,64,14,0.219,305,16,44,60,121,14,0,40,20,4.599316532258066,15.949911290322586
6165,lastmonth,RJ Barrett,84,,Ay-ton of drugs,78/169,27/39,14,403,169,78,0.462,39,27,0.692,38,20,0.526,203,14,56,70,35,7,3,25,36,5.553254032258067,2.9292822580645153
6166,lastmonth,De'Andre Hunter,49,INJ,World B. Flat,0/0,0/0,0,0,0,0,0.0,0,0,0.0,0,0,0.0,0,0,0,0,0,0,0,0,0,-0.0,-0.0
6167,lastmonth,Darius Garland,73,GTD,The Stephfather,88/209,26/32,14,470,209,88,0.421,32,26,0.813,67,23,0.343,225,4,20,24,90,20,0,43,31,2.657209677419355,5.9667903225806445
6169,lastmonth,Coby White,87,,The Stephfather,92/208,27/28,14,454,208,92,0.442,28,27,0.964,102,36,0.353,247,9,69,78,57,3,4,27,36,4.709991935483873,10.273282258064516
6172,lastmonth,Cam Reddish,35,INJ,ahmad's Team,27/72,23/28,8,235,72,27,0.375,28,23,0.821,36,10,0.278,87,7,21,28,12,11,5,7,22,-0.4267197580645156,5.462314516129031
6174,lastmonth,PJ Washington,75,GTD,Josh's Unreal Team,44/93,23/27,10,302,93,44,0.473,27,23,0.852,36,18,0.5,129,7,46,53,28,13,8,22,25,3.6166048387096774,6.175314516129032
6175,lastmonth,Tyler Herro,86,,Josh's Unreal Team,60/144,11/15,11,340,144,60,0.417,15,11,0.733,64,24,0.375,155,8,49,57,36,9,7,22,17,1.571733870967742,1.6444112903225805
6209,lastmonth,Brandon Clarke,73,,The Stephfather,41/69,16/21,10,244,69,41,0.594,21,16,0.762,12,6,0.5,104,14,42,56,15,12,4,5,17,8.33101814516129,2.855870967741936
6211,lastmonth,Darius Bazley,49,,Josh's Unreal Team,72/192,28/42,16,506,192,72,0.375,42,28,0.667,85,25,0.294,197,10,115,125,23,10,6,27,8,-1.1379193548387083,2.3377741935483884
6217,lastmonth,Keldon Johnson,65,,Keldon's Johnson,34/73,14/18,7,179,73,34,0.466,18,14,0.778,20,6,0.3,88,8,25,33,15,2,1,7,11,2.5566491935483886,2.722887096774194
6355,lastmonth,Anthony Edwards,73,,Ryan's Team,93/255,34/43,15,497,255,93,0.365,43,34,0.791,111,30,0.27,250,10,68,78,51,16,11,32,22,-2.399812499999999,7.054725806451614
6356,lastmonth,James Wiseman,73,,Ay-ton of drugs,28/52,6/9,6,122,52,28,0.538,9,6,0.667,5,1,0.2,63,6,26,32,3,1,2,6,21,4.121475806451614,0.5009516129032261
6395,lastmonth,LaMelo Ball,93,,JR Dreamers,100/212,35/43,13,439,212,100,0.472,43,35,0.814,88,39,0.443,274,19,62,81,90,26,6,41,39,8.119556451612903,8.067217741935483
6404,lastmonth,Tyrese Haliburton,79,INJ,Mount Zionüí™üèæ,72/138,10/12,11,353,138,72,0.522,12,10,0.833,67,30,0.448,184,8,28,36,59,20,6,16,12,9.446080645161294,2.4949193548387094
6411,lastmonth,Saddiq Bey,40,,World B. Flat,66/145,26/29,15,438,145,66,0.455,29,26,0.897,101,42,0.416,200,13,61,74,27,14,1,10,28,4.236907258064519,8.150790322580646
6463,lastmonth,Jae'Sean Tate,24,,World B. Flat,61/114,21/25,13,387,114,61,0.535,25,21,0.84,28,8,0.286,151,35,41,76,23,15,2,12,47,8.795929435483874,5.38633064516129
5747,lastmonth,Derrick Jones Jr.,34,,0,44/80,21/28,14,372,80,44,0.55,28,21,0.75,35,15,0.429,124,30,46,76,16,6,18,9,30,7.00460483870968,3.4963306451612906
3765,lastmonth,Udonis Haslem,0,,0,0/0,0/0,0,0,0,0,0.0,0,0,0.0,0,0,0.0,0,0,0,0,0,0,0,0,0,-0.0,-0.0
3826,lastmonth,Andre Iguodala,2,,0,26/62,9/14,15,332,62,26,0.419,14,9,0.643,45,15,0.333,76,11,48,59,26,14,10,14,23,0.7330846774193549,0.535427419354839
3860,lastmonth,Trevor Ariza,2,INJ,0,0/0,0/0,0,0,0,0,0.0,0,0,0.0,0,0,0.0,0,0,0,0,0,0,0,0,0,-0.0,-0.0
4136,lastmonth,Rudy Gay,12,INJ,0,19/49,11/14,5,112,49,19,0.388,14,11,0.786,21,10,0.476,59,3,20,23,7,3,0,5,10,-0.05328427419354781,2.227411290322581
4139,lastmonth,JJ Redick,8,GTD,0,46/94,18/20,14,239,94,46,0.489,20,18,0.9,51,24,0.471,134,1,22,23,19,4,2,13,14,4.516995967741936,5.696854838709678
4149,lastmonth,Rajon Rondo,2,,0,11/22,0/0,7,98,22,11,0.5,0,0,0.0,9,5,0.556,27,0,12,12,18,4,1,9,6,1.2011512096774195,-0.0
4163,lastmonth,P.J. Tucker,13,,0,11/42,8/10,11,313,42,11,0.262,10,8,0.8,28,6,0.214,36,14,34,48,17,8,4,11,28,-1.4168487903225804,1.7319354838709682
4175,lastmonth,Paul Millsap,32,INJ,0,27/39,9/14,5,128,39,27,0.692,14,9,0.643,17,9,0.529,72,5,17,22,11,5,8,5,10,8.132280241935483,0.535427419354839
4300,lastmonth,Jared Dudley,0,,0,1/6,0/0,5,54,6,1,0.167,0,0,0.0,4,1,0.25,3,3,10,13,4,1,1,2,7,-0.22380443548387094,-0.0
4325,lastmonth,Marc Gasol,19,INJ,0,27/60,10/14,12,258,60,27,0.45,14,10,0.714,45,19,0.422,83,5,37,42,24,6,17,7,28,1.5982802419354847,1.3049193548387095
4471,lastmonth,D.J. Augustin,1,,0,28/83,15/18,14,324,83,28,0.337,18,15,0.833,59,19,0.322,90,3,17,20,49,10,1,13,19,-1.506524193548386,3.7423790322580643
4477,lastmonth,Robin Lopez,5,,0,59/107,33/44,16,368,107,59,0.551,44,33,0.75,4,0,0.0,151,45,27,72,16,7,11,23,31,9.451538306451617,5.494233870967742
4480,lastmonth,JaVale McGee,4,,0,36/62,7/10,11,149,62,36,0.581,10,7,0.7,4,1,0.25,80,13,32,45,8,4,13,17,29,6.847040322580645,0.8154435483870965
4488,lastmonth,George Hill,6,INJ,0,0/0,0/0,0,0,0,0,0.0,0,0,0.0,0,0,0.0,0,0,0,0,0,0,0,0,0,-0.0,-0.0
4621,lastmonth,James Johnson,1,,0,5/17,1/2,4,61,17,5,0.294,2,1,0.5,8,1,0.125,12,1,11,12,10,3,3,1,7,-0.4840221774193548,-0.08350806451612902
4624,lastmonth,Jeff Teague,19,,0,24/49,16/18,10,179,49,24,0.49,18,16,0.889,16,7,0.438,71,2,12,14,19,4,2,14,14,2.380693548387097,4.887870967741936
4631,lastmonth,Taj Gibson,0,INJ,0,18/27,7/12,10,162,27,18,0.667,12,7,0.583,6,2,0.333,45,15,31,46,5,5,3,7,21,4.971520161290323,-0.0035564516129034107
4633,lastmonth,Wayne Ellington,8,,0,37/94,11/15,12,275,94,37,0.394,15,11,0.733,77,27,0.351,112,1,13,14,22,5,3,6,21,0.11823588709677552,1.6444112903225805
4647,lastmonth,Patrick Beverley,12,,0,37/72,15/18,12,268,72,37,0.514,18,15,0.833,46,20,0.435,109,7,29,36,26,9,10,15,34,4.558235887096775,3.7423790322580643
4651,lastmonth,Danny Green,23,,0,33/84,5/8,13,374,84,33,0.393,8,5,0.625,71,28,0.394,99,6,39,45,12,18,10,15,29,0.07245362903225921,0.2074596774193549
4660,lastmonth,Patty Mills,24,,0,42/100,8/10,10,264,100,42,0.42,10,8,0.8,77,30,0.39,122,5,12,17,25,6,0,14,18,1.2262137096774195,1.7319354838709682
4682,lastmonth,Garrett Temple,5,,0,45/106,15/19,14,437,106,45,0.425,19,15,0.789,45,13,0.289,118,12,45,57,33,11,12,11,31,1.5388004032258067,3.082379032258065
4694,lastmonth,Wesley Matthews,1,,0,15/50,6/7,13,277,50,15,0.3,7,6,0.857,37,11,0.297,47,7,20,27,17,8,7,12,21,-1.3620665322580643,1.6409516129032258
4718,lastmonth,Derrick Favors,9,,0,37/49,20/23,14,222,49,37,0.755,23,20,0.87,0,0,0.0,94,24,49,73,10,9,9,10,32,13.475235887096774,5.72983870967742
4723,lastmonth,Al-Farouq Aminu,1,,0,17/43,7/9,9,163,43,17,0.395,9,7,0.778,15,6,0.4,47,9,28,37,15,8,5,10,9,0.07132459677419417,1.361443548387097
4728,lastmonth,Ed Davis,0,,0,1/1,0/0,2,8,1,1,1.0,0,0,0.0,0,0,0.0,2,2,1,3,2,0,0,1,1,0.6091955645161291,-0.0
4729,lastmonth,Patrick Patterson,0,INJ,0,3/9,0/0,2,22,9,3,0.333,0,0,0.0,5,1,0.2,7,1,6,7,1,0,0,1,2,-0.1734133064516128,-0.0
4750,lastmonth,Avery Bradley,1,INJ,0,0/0,0/0,0,0,0,0,0.0,0,0,0.0,0,0,0.0,0,0,0,0,0,0,0,0,0,-0.0,-0.0
4766,lastmonth,Nemanja Bjelica,3,,0,37/69,11/15,9,192,69,37,0.536,15,11,0.733,24,10,0.417,95,10,34,44,23,6,0,12,16,5.372235887096776,1.6444112903225805
4800,lastmonth,Ish Smith,1,INJ,0,9/24,0/0,5,100,24,9,0.375,0,0,0.0,5,0,0.0,18,4,14,18,24,3,0,5,2,-0.14223991935483854,-0.0
4888,lastmonth,Bismack Biyombo,4,,0,25/37,10/18,13,253,37,25,0.676,18,10,0.556,0,0,0.0,60,23,31,54,17,3,14,9,32,7.129889112903228,-0.2750806451612897
4892,lastmonth,Klay Thompson,5,INJ,0,0/0,0/0,0,0,0,0,0.0,0,0,0.0,0,0,0.0,0,0,0,0,0,0,0,0,0,-0.0,-0.0
4894,lastmonth,Markieff Morris,5,,0,30/72,12/18,12,266,72,30,0.417,18,12,0.667,38,13,0.342,85,9,43,52,13,6,2,8,22,0.785866935483871,1.0019032258064522
4895,lastmonth,Marcus Morris Sr.,23,GTD,0,67/152,19/21,14,348,152,67,0.441,21,19,0.905,76,37,0.487,190,10,46,56,14,7,5,10,30,3.3631028225806467,6.108346774193549
4898,lastmonth,Iman Shumpert,0,,0,1/4,0/0,2,11,4,1,0.25,0,0,0.0,3,0,0.0,2,1,0,1,0,1,0,1,0,-0.14080443548387095,-0.0
4906,lastmonth,Reggie Jackson,5,,0,54/114,18/21,15,337,114,54,0.474,21,18,0.857,45,19,0.422,145,8,26,34,48,8,1,18,32,4.492560483870967,4.922854838709677
4911,lastmonth,Cory Joseph,1,,0,42/90,8/10,15,343,90,42,0.467,10,8,0.8,34,11,0.324,103,11,23,34,40,8,1,14,37,3.2002137096774215,1.7319354838709682
4937,lastmonth,E'Twaun Moore,0,,0,32/70,6/8,15,245,70,32,0.457,8,6,0.75,18,5,0.278,75,10,22,32,26,12,4,14,24,2.11825806451613,0.9989516129032259
4969,lastmonth,Brad Wanamaker,1,,0,25/69,22/24,15,236,69,25,0.362,24,22,0.917,20,4,0.2,76,3,22,25,38,7,3,19,15,-0.7201108870967741,7.336822580645162
5016,lastmonth,Austin Rivers,2,,0,2/7,3/4,4,30,7,2,0.286,4,3,0.75,4,0,0.0,7,0,4,4,4,0,0,1,3,-0.20960887096774194,0.49947580645161294
5017,lastmonth,Meyers Leonard,1,INJ,0,0/0,0/0,0,0,0,0,0.0,0,0,0.0,0,0,0.0,0,0,0,0,0,0,0,0,0,-0.0,-0.0
5018,lastmonth,Jeremy Lamb,23,,0,40/86,26/28,12,259,86,40,0.465,28,26,0.929,38,17,0.447,123,6,32,38,19,11,5,6,26,2.967822580645163,8.982790322580646
5021,lastmonth,Moe Harkless,1,,0,0/0,0/0,1,13,0,0,0.0,0,0,0.0,0,0,0.0,0,1,0,1,2,0,1,0,1,-0.0,-0.0
5066,lastmonth,Tomas Satoransky,5,,0,45/80,20/21,14,325,80,45,0.563,21,20,0.952,25,14,0.56,124,6,39,45,61,5,3,17,18,7.748800403225805,7.369838709677419
5077,lastmonth,Mike Scott,0,,0,12/19,0/0,9,142,19,12,0.632,2,0,0.0,14,10,0.714,34,0,25,25,4,6,0,7,7,2.894346774193549,-0.0
5080,lastmonth,Darius Miller,0,,0,10/18,0/0,8,87,18,10,0.556,0,0,0.0,15,8,0.533,28,1,10,11,9,4,3,4,7,1.6519556451612911,-0.0
5102,lastmonth,Kent Bazemore,3,,0,46/99,11/15,15,284,99,46,0.465,15,11,0.733,53,23,0.434,126,6,38,44,22,13,8,17,35,3.4129959677419377,1.6444112903225805
5150,lastmonth,Aron Baynes,6,,0,47/97,12/16,15,314,97,47,0.485,16,12,0.75,25,7,0.28,113,28,47,75,22,6,4,17,37,4.427191532258065,1.9979032258064517
5154,lastmonth,Otto Porter Jr.,37,INJ,0,0/0,0/0,0,0,0,0,0.0,0,0,0.0,0,0,0.0,0,0,0,0,0,0,0,0,0,-0.0,-0.0
5155,lastmonth,Cody Zeller,20,INJ,0,39/68,10/12,9,199,68,39,0.574,12,10,0.833,9,3,0.333,91,19,41,60,21,5,4,14,25,7.144627016129031,2.4949193548387094
5156,lastmonth,Alex Len,1,,0,34/52,11/20,12,172,52,34,0.654,20,11,0.55,6,1,0.167,80,13,26,39,8,4,23,11,22,8.94864919354839,-0.36858870967741875
5158,lastmonth,Ben McLemore,1,,0,20/62,8/13,10,140,62,20,0.323,13,8,0.615,47,10,0.213,58,6,12,18,6,8,0,5,16,-1.3560887096774188,0.25193548387096776
5159,lastmonth,Kentavious Caldwell-Pope,10,,0,35/90,22/27,14,403,90,35,0.389,27,22,0.815,51,15,0.294,107,9,29,38,22,12,4,19,24,-0.06315524193548278,5.09282258064516
5160,lastmonth,Trey Burke,1,,0,19/38,4/4,11,106,38,19,0.5,4,4,1.0,20,9,0.45,51,0,6,6,16,3,0,4,2,2.074715725806452,1.665967741935484
5162,lastmonth,Michael Carter-Williams,18,,0,43/100,24/32,10,289,100,43,0.43,32,24,0.75,19,7,0.368,117,12,34,46,57,6,5,23,31,1.685409274193549,3.9958064516129035
5164,lastmonth,Kelly Olynyk,28,,0,62/129,12/17,15,402,129,62,0.481,17,12,0.706,74,24,0.324,160,12,81,93,29,11,4,16,50,5.592125,1.4699032258064513
5190,lastmonth,Tony Snell,1,,0,30/59,0/0,12,307,59,30,0.508,0,0,0.0,42,25,0.595,85,6,27,33,19,2,6,8,18,3.5158669354838716,-0.0
5191,lastmonth,Gorgui Dieng,3,,0,10/23,20/22,8,104,23,10,0.435,22,20,0.909,13,5,0.385,45,8,17,25,7,4,1,4,13,0.4419556451612905,6.50983870967742
5193,lastmonth,Solomon Hill,0,,0,19/53,9/9,14,250,53,19,0.358,9,9,1.0,35,10,0.286,57,8,19,27,14,10,1,8,24,-0.6232842741935483,3.748427419354839
5195,lastmonth,Reggie Bullock,1,,0,44/102,11/12,14,351,102,44,0.431,12,11,0.917,69,28,0.406,127,4,36,40,21,8,4,9,26,1.768604838709678,3.668411290322581
5196,lastmonth,Andre Roberson,0,,0,2/14,1/2,5,63,14,2,0.143,2,1,0.5,8,1,0.125,6,7,8,15,4,3,1,2,4,-0.4956088709677419,-0.08350806451612902
5214,lastmonth,Mike Muscala,2,,0,58/127,18/19,15,298,127,58,0.457,19,18,0.947,81,28,0.346,162,9,58,67,15,2,5,9,26,3.8393427419354857,6.542854838709677
5217,lastmonth,Raul Neto,2,,0,43/100,19/21,15,341,100,43,0.43,21,19,0.905,33,11,0.333,116,5,36,41,38,19,1,10,20,1.685409274193549,6.108346774193549
5220,lastmonth,James Ennis III,1,INJ,0,28/54,26/33,9,221,54,28,0.519,33,26,0.788,21,10,0.476,92,13,34,47,13,7,1,6,21,3.589475806451614,5.316790322580646
5249,lastmonth,Matthew Dellavedova,0,INJ,0,0/0,0/0,0,0,0,0,0.0,0,0,0.0,0,0,0.0,0,0,0,0,0,0,0,0,0,-0.0,-0.0
5262,lastmonth,JaMychal Green,4,INJ,0,17/44,1/1,8,147,44,17,0.386,1,1,1.0,20,6,0.3,41,10,26,36,6,4,5,5,26,-0.08167540322580596,0.416491935483871
5270,lastmonth,Rodney McGruder,0,,0,16/33,4/5,7,79,33,16,0.485,5,4,0.8,12,5,0.417,41,3,4,7,9,4,1,4,4,1.5071290322580646,0.8659677419354841
5293,lastmonth,Jabari Parker,0,INJ,0,4/7,0/0,2,25,7,4,0.571,0,0,0.0,1,0,0.0,8,1,5,6,1,0,1,3,4,0.720782258064516,-0.0
5316,lastmonth,Dant√© Exum,0,INJ,0,0/0,0/0,0,0,0,0,0.0,0,0,0.0,0,0,0.0,0,0,0,0,0,0,0,0,0,-0.0,-0.0
5321,lastmonth,Elfrid Payton,35,,0,63/132,20/26,10,286,132,63,0.477,26,20,0.769,16,4,0.25,150,14,25,39,39,9,2,17,15,5.430320564516129,3.70983870967742
5322,lastmonth,Doug McDermott,12,,0,65/131,19/21,12,328,131,65,0.496,21,19,0.905,53,20,0.377,169,10,34,44,18,6,1,10,19,6.837711693548388,6.108346774193549
5323,lastmonth,Dario Saric,14,,0,43/85,22/24,10,175,85,43,0.506,24,22,0.917,33,13,0.394,121,11,25,36,15,10,2,10,19,4.953409274193549,7.336822580645162
5330,lastmonth,Gary Harris,5,INJ,0,1/5,0/0,1,28,5,1,0.2,0,0,0.0,3,0,0.0,2,1,1,2,1,0,0,2,2,-0.19080443548387094,-0.0
5334,lastmonth,Rodney Hood,1,,0,25/70,2/5,12,245,70,25,0.357,5,2,0.4,30,7,0.233,59,5,14,19,6,3,1,11,20,-0.8451108870967741,-0.367016129032258
5349,lastmonth,Spencer Dinwiddie,7,INJ,0,0/0,0/0,0,0,0,0,0.0,0,0,0.0,0,0,0.0,0,0,0,0,0,0,0,0,0,-0.0,-0.0
5356,lastmonth,Dwight Powell,2,,0,13/29,20/22,10,110,29,13,0.448,22,20,0.909,1,0,0.0,46,10,15,25,6,0,1,6,19,0.7435423387096778,6.50983870967742
5362,lastmonth,Thanasis Antetokounmpo,0,,0,9/17,4/10,11,84,17,9,0.529,10,4,0.4,2,0,0.0,22,13,11,24,3,3,3,4,9,1.2437600806451616,-0.734032258064516
5376,lastmonth,Tyler Johnson,0,,0,25/62,7/7,11,207,62,25,0.403,7,7,1.0,44,18,0.409,75,3,23,26,9,3,0,3,11,0.3048891129032269,2.915443548387097
5388,lastmonth,Langston Galloway,0,,0,9/24,3/3,8,65,24,9,0.375,3,3,1.0,8,2,0.25,23,0,7,7,6,3,0,1,2,-0.14223991935483854,1.249475806451613
5390,lastmonth,Khem Birch,2,,0,19/39,11/19,13,215,39,19,0.487,19,11,0.579,4,2,0.5,51,26,25,51,10,4,12,4,15,1.8277157258064518,-0.049588709677419684
5414,lastmonth,Tim Frazier,0,,0,0/0,0/0,0,0,0,0,0.0,0,0,0.0,0,0,0.0,0,0,0,0,0,0,0,0,0,-0.0,-0.0
5417,lastmonth,Jakarr Sampson,0,,0,6/11,1/1,5,28,11,6,0.545,1,1,1.0,2,1,0.5,14,2,2,4,1,1,0,4,3,0.9251733870967745,0.416491935483871
5434,lastmonth,Jahlil Okafor,0,INJ,0,0/0,0/0,0,0,0,0,0.0,0,0,0.0,0,0,0.0,0,0,0,0,0,0,0,0,0,-0.0,-0.0
5466,lastmonth,Willie Cauley-Stein,2,,0,16/26,9/10,8,135,26,16,0.615,10,9,0.9,2,0,0.0,41,9,25,34,6,2,6,2,14,3.5871290322580647,2.848427419354839
5468,lastmonth,Stanley Johnson,0,,0,13/31,2/2,13,145,31,13,0.419,2,2,1.0,22,9,0.409,37,3,12,15,8,5,2,9,15,0.36654233870967745,0.832983870967742
5469,lastmonth,Frank Kaminsky,1,,0,45/92,9/15,13,249,92,45,0.489,15,9,0.6,38,18,0.474,117,8,45,53,23,5,3,8,19,4.418800403225807,0.1484274193548386
5470,lastmonth,Justise Winslow,18,,0,24/64,6/10,6,135,64,24,0.375,10,6,0.6,15,3,0.2,57,5,26,31,9,3,4,10,18,-0.3793064516129028,0.09895161290322574
5472,lastmonth,Trey Lyles,5,,0,29/55,7/8,7,181,55,29,0.527,8,7,0.875,25,11,0.44,76,2,39,41,4,5,1,3,8,3.949671370967743,2.040443548387097
5474,lastmonth,Cameron Payne,1,,0,28/55,4/5,11,167,55,28,0.509,5,4,0.8,28,13,0.464,73,1,15,16,35,7,2,9,14,3.309475806451614,0.8659677419354841
5484,lastmonth,Tyus Jones,7,,0,44/103,12/13,15,265,103,44,0.427,13,12,0.923,36,11,0.306,111,5,30,35,43,16,1,13,5,1.5926048387096778,4.073903225806452
5490,lastmonth,Kevon Looney,1,,0,11/21,7/8,6,93,21,11,0.524,8,7,0.875,1,0,0.0,29,16,10,26,6,3,2,3,13,1.4651512096774197,2.040443548387097
5491,lastmonth,Cedi Osman,11,,0,37/110,15/17,13,279,110,37,0.336,17,15,0.882,73,19,0.26,108,6,47,53,28,8,1,9,18,-2.0277641129032244,4.477379032258065
5495,lastmonth,Guillermo Hernang√≥mez,8,,0,51/92,20/26,15,299,92,51,0.554,26,20,0.769,4,1,0.25,123,45,70,115,21,6,9,10,22,8.322973790322584,3.70983870967742
5501,lastmonth,Pat Connaughton,2,,0,38/86,10/13,15,380,86,38,0.442,13,10,0.769,53,19,0.358,105,13,54,67,22,11,8,8,29,1.945431451612904,1.85491935483871
5522,lastmonth,Cristiano Felicio,0,,0,1/1,2/2,3,19,1,1,1.0,2,2,1.0,0,0,0.0,4,3,1,4,2,0,0,3,1,0.6091955645161291,0.832983870967742
5524,lastmonth,Boban Marjanovic,1,,0,8/18,1/1,3,33,18,8,0.444,1,1,1.0,1,0,0.0,17,7,14,21,2,1,1,5,4,0.42556451612903246,0.416491935483871
5543,lastmonth,Greg Whittington,0,,0,0/0,0/0,2,8,2,0,0.0,0,0,0.0,2,0,0.0,0,0,0,0,0,0,0,0,0,-0.0,-0.0
5636,lastmonth,Kris Dunn,1,INJ,0,0/0,0/0,0,0,0,0,0.0,0,0,0.0,0,0,0.0,0,0,0,0,0,0,0,0,0,-0.0,-0.0
5639,lastmonth,Marquese Chriss,9,INJ,0,0/0,0/0,0,0,0,0,0.0,0,0,0.0,0,0,0.0,0,0,0,0,0,0,0,0,0,-0.0,-0.0
5643,lastmonth,Taurean Prince,3,,0,23/64,3/4,8,167,64,23,0.359,4,3,0.75,27,11,0.407,60,6,26,32,14,2,4,9,15,-0.7315020161290322,0.49947580645161294
5645,lastmonth,Denzel Valentine,2,,0,51/142,4/4,14,320,142,51,0.359,4,4,1.0,78,25,0.321,131,9,54,63,26,9,0,8,22,-1.6220262096774192,1.665967741935484
5646,lastmonth,Juancho Hernang√≥mez,1,,0,9/22,6/9,6,47,22,9,0.409,9,6,0.667,14,4,0.286,28,3,14,17,4,1,0,3,4,0.16376008064516123,0.5009516129032261
5652,lastmonth,DeAndre' Bembry,1,,0,35/59,11/16,15,337,59,35,0.593,16,11,0.688,17,6,0.353,87,7,32,39,37,8,4,20,33,7.0768447580645155,1.1494112903225802
5655,lastmonth,Timoth√© Luwawu-Cabarrot,1,GTD,0,27/67,7/8,11,233,67,27,0.403,8,7,0.875,44,16,0.364,77,6,23,29,12,11,1,11,23,0.32928024193548505,2.040443548387097
5657,lastmonth,Furkan Korkmaz,1,,0,35/91,14/19,13,232,91,35,0.385,19,14,0.737,60,21,0.35,105,2,31,33,11,5,2,12,19,-0.2031552419354829,2.1488870967741933
5661,lastmonth,Damian Jones,0,,0,9/14,3/4,11,74,14,9,0.643,4,3,0.75,0,0,0.0,21,4,7,11,4,0,6,3,15,2.2697600806451614,0.49947580645161294
5669,lastmonth,Patrick McCaw,0,INJ,0,0/0,0/0,3,19,0,0,0.0,0,0,0.0,0,0,0.0,0,1,0,1,4,0,0,0,3,-0.0,-0.0
5678,lastmonth,Jake Layman,0,,0,25/45,5/7,8,132,45,25,0.556,7,5,0.714,20,8,0.4,63,3,11,14,7,9,2,8,6,4.129889112903228,0.6524596774193547
5681,lastmonth,Georges Niang,0,,0,35/69,2/2,14,209,69,35,0.507,2,2,1.0,53,25,0.472,97,6,23,29,10,4,1,7,23,4.066844758064517,0.832983870967742
5689,lastmonth,Abdel Nader,0,,0,21/39,7/9,11,128,39,21,0.538,9,7,0.778,12,4,0.333,53,3,17,20,6,3,6,6,13,3.091106854838711,1.361443548387097
5693,lastmonth,Dorian Finney-Smith,12,,0,34/73,1/1,11,380,73,34,0.466,1,1,1.0,44,16,0.364,85,17,48,65,20,10,5,7,27,2.5566491935483886,0.416491935483871
5695,lastmonth,Ryan Arcidiacono,0,,0,13/30,4/4,13,132,30,13,0.433,4,4,1.0,19,5,0.263,35,2,19,21,11,3,0,2,9,0.5485423387096776,1.665967741935484
5706,lastmonth,Chasson Randle,0,,0,15/35,5/7,8,151,35,15,0.429,7,5,0.714,23,7,0.304,42,1,14,15,23,2,1,6,18,0.5729334677419357,0.6524596774193547
5726,lastmonth,Bryn Forbes,3,,0,57/119,8/10,15,331,119,57,0.479,10,8,0.8,83,37,0.446,159,3,21,24,10,3,0,4,16,5.027147177419355,1.7319354838709682
5728,lastmonth,Danuel House Jr.,12,GTD,0,42/115,17/22,12,327,115,42,0.365,22,17,0.773,68,20,0.294,121,14,38,52,19,8,8,15,25,-1.0837862903225801,3.221362903225807
5733,lastmonth,Damion Lee,2,,0,30/76,10/11,15,302,76,30,0.395,11,10,0.909,61,18,0.295,88,5,46,51,24,10,3,10,17,0.12586693548387207,3.25491935483871
5754,lastmonth,Alex Caruso,4,GTD,0,26/65,12/18,11,248,65,26,0.4,18,12,0.667,29,9,0.31,73,6,32,38,31,13,3,11,23,0.2390846774193559,1.0019032258064522
5762,lastmonth,David Nwaba,3,INJ,0,43/88,25/34,11,257,88,43,0.489,34,25,0.735,24,6,0.25,117,19,31,50,6,9,9,8,22,4.222409274193549,3.787298387096774
5763,lastmonth,Markelle Fultz,19,INJ,0,0/0,0/0,0,0,0,0,0.0,0,0,0.0,0,0,0.0,0,0,0,0,0,0,0,0,0,-0.0,-0.0
5768,lastmonth,Jonathan Isaac,2,INJ,0,0/0,0/0,0,0,0,0,0.0,0,0,0.0,0,0,0.0,0,0,0,0,0,0,0,0,0,-0.0,-0.0
5821,lastmonth,Frank Ntilikina,0,,0,12/23,2/2,5,85,23,12,0.522,2,2,1.0,12,8,0.667,34,0,3,3,4,5,0,3,8,1.5743467741935488,0.832983870967742
5823,lastmonth,Zach Collins,2,INJ,0,0/0,0/0,0,0,0,0,0.0,0,0,0.0,0,0,0.0,0,0,0,0,0,0,0,0,0,-0.0,-0.0
5825,lastmonth,Luke Kennard,7,,0,24/53,3/3,11,178,53,24,0.453,3,3,1.0,31,15,0.484,66,4,21,25,17,4,1,6,18,1.4926935483870976,1.249475806451613
5828,lastmonth,Justin Jackson,1,,0,42/100,6/8,15,272,100,42,0.42,8,6,0.75,51,18,0.353,108,7,26,33,27,8,1,18,14,1.2262137096774195,0.9989516129032259
5829,lastmonth,Justin Patton,4,,0,16/31,3/4,6,127,31,16,0.516,4,3,0.75,17,6,0.353,41,5,19,24,5,7,10,2,19,2.003129032258065,0.49947580645161294
5830,lastmonth,D.J. Wilson,0,,0,1/5,0/0,2,9,5,1,0.2,0,0,0.0,4,1,0.25,3,0,3,3,0,0,1,0,1,-0.19080443548387094,-0.0
5833,lastmonth,Harry Giles III,1,INJ,0,4/9,6/8,5,64,9,4,0.444,8,6,0.75,0,0,0.0,14,8,25,33,4,1,2,6,13,0.21278225806451623,0.9989516129032259
5834,lastmonth,Terrance Ferguson,0,,0,1/2,0/0,3,11,2,1,0.5,0,0,0.0,0,0,0.0,2,0,0,0,0,0,0,2,2,0.10919556451612905,-0.0
5841,lastmonth,Tony Bradley,0,,0,4/4,0/0,3,12,4,4,1.0,0,0,0.0,0,0,0.0,8,0,0,0,0,0,1,0,0,2.4367822580645164,-0.0
5844,lastmonth,Frank Jackson,0,INJ,0,2/8,0/0,3,19,8,2,0.25,0,0,0.0,4,1,0.25,5,0,4,4,3,0,0,0,1,-0.2816088709677419,-0.0
5846,lastmonth,Wes Iwundu,0,,0,1/1,1/1,4,18,1,1,1.0,1,1,1.0,0,0,0.0,3,0,2,2,0,0,1,2,2,0.6091955645161291,0.416491935483871
5850,lastmonth,Semi Ojeleye,0,,0,32/76,5/7,15,316,76,32,0.421,7,5,0.714,57,23,0.404,92,9,36,45,13,9,0,6,23,0.9662580645161292,0.6524596774193547
5851,lastmonth,Jordan Bell,0,GTD,0,0/0,0/0,0,0,0,0,0.0,0,0,0.0,0,0,0.0,0,0,0,0,0,0,0,0,0,-0.0,-0.0
5853,lastmonth,Dwayne Bacon,2,,0,52/127,31/35,14,373,127,52,0.409,35,31,0.886,50,16,0.32,151,4,30,34,13,8,1,10,20,0.9461693548387093,9.37725
5855,lastmonth,Thomas Bryant,28,INJ,0,0/0,0/0,0,0,0,0,0.0,0,0,0.0,0,0,0.0,0,0,0,0,0,0,0,0,0,-0.0,-0.0
5856,lastmonth,Isaiah Hartenstein,0,,0,18/31,6/11,12,117,31,18,0.581,11,6,0.545,0,0,0.0,42,13,16,29,5,4,6,7,23,3.4235201612903223,-0.2310483870967739
5857,lastmonth,Damyean Dotson,0,,0,20/56,4/6,11,152,56,20,0.357,6,4,0.667,30,7,0.233,51,2,22,24,20,2,2,8,7,-0.6760887096774193,0.33396774193548406
5859,lastmonth,Sterling Brown,2,,0,30/80,7/8,13,322,80,30,0.375,8,7,0.875,59,21,0.356,88,7,59,66,26,11,2,13,27,-0.47413306451612847,2.040443548387097
5861,lastmonth,Sindarius Thornwell,0,,0,2/3,0/0,4,9,3,2,0.667,0,0,0.0,2,1,0.5,5,0,0,0,0,0,0,1,0,0.5523911290322582,-0.0
5862,lastmonth,Vlatko Cancar,0,,0,11/23,5/6,11,99,23,11,0.478,6,5,0.833,12,3,0.25,30,2,20,22,6,5,1,7,9,0.9591512096774193,1.2474596774193547
5864,lastmonth,Monte Morris,15,,0,52/119,19/23,14,400,119,52,0.437,23,19,0.826,41,15,0.366,138,1,30,31,49,7,4,11,17,2.4021693548387106,4.607346774193548
5865,lastmonth,Edmond Sumner,0,,0,20/38,12/15,9,122,38,20,0.526,15,12,0.8,10,4,0.4,56,3,9,12,3,5,1,7,12,2.7039112903225817,2.5979032258064523
5886,lastmonth,PJ Dozier,1,,0,14/33,5/13,4,78,33,14,0.424,13,5,0.385,14,5,0.357,38,2,10,12,12,2,3,3,7,0.46473790322580655,-0.9925403225806451
5892,lastmonth,Maxi Kleber,14,,0,25/55,7/7,10,279,55,25,0.455,7,7,1.0,43,19,0.442,76,8,43,51,13,6,8,3,23,1.6048891129032268,2.915443548387097
5893,lastmonth,Torrey Craig,0,,0,11/25,1/2,9,112,25,11,0.44,2,1,0.5,13,6,0.462,29,7,16,23,5,5,1,1,12,0.5411512096774196,-0.08350806451612902
5903,lastmonth,Luke Kornet,0,GTD,0,9/24,0/0,9,76,24,9,0.375,0,0,0.0,20,6,0.3,24,2,13,15,4,1,6,0,1,-0.14223991935483854,-0.0
5904,lastmonth,Alfonzo McKinnie,0,,0,8/17,3/6,6,45,17,8,0.471,6,3,0.5,8,2,0.25,21,3,8,11,0,1,0,0,5,0.6415645161290322,-0.25052419354838706
6017,lastmonth,Mo Bamba,1,,0,20/40,2/3,9,113,40,20,0.5,3,2,0.667,10,4,0.4,46,12,32,44,2,3,10,4,10,2.1839112903225812,0.16698387096774203
6020,lastmonth,Kevin Knox II,1,,0,4/9,1/2,6,32,9,4,0.444,2,1,0.5,8,3,0.375,12,1,4,5,1,1,0,1,2,0.21278225806451623,-0.08350806451612902
6024,lastmonth,Jerome Robinson,0,,0,2/8,2/2,3,19,8,2,0.25,2,2,1.0,3,1,0.333,7,2,2,4,0,1,0,1,1,-0.2816088709677419,0.832983870967742
6026,lastmonth,Troy Brown Jr.,2,,0,10/32,6/7,9,85,32,10,0.313,7,6,0.857,16,3,0.188,29,1,21,22,4,0,0,6,8,-0.7780443548387095,1.6409516129032258
6029,lastmonth,Lonnie Walker IV,20,,0,35/89,6/7,8,208,89,35,0.393,7,6,0.857,49,16,0.327,92,1,17,18,15,3,4,10,17,0.07684475806451735,1.6409516129032258
6031,lastmonth,Josh Okogie,1,,0,20/58,13/18,14,220,58,20,0.345,18,13,0.722,22,6,0.273,59,14,18,32,9,12,3,8,25,-0.9160887096774195,1.8003951612903224
6032,lastmonth,Grayson Allen,3,INJ,0,40/92,10/11,11,293,92,40,0.435,11,10,0.909,63,28,0.444,118,2,28,30,26,11,0,7,20,1.767822580645162,3.25491935483871
6033,lastmonth,Chandler Hutchison,0,INJ,0,0/0,0/0,1,4,0,0,0.0,0,0,0.0,0,0,0.0,0,0,1,1,0,0,0,1,2,-0.0,-0.0
6034,lastmonth,Aaron Holiday,2,,0,37/93,16/22,13,221,93,37,0.398,22,16,0.727,37,16,0.432,106,1,18,19,18,8,1,10,20,0.26623588709677565,2.2958709677419353
6035,lastmonth,Anfernee Simons,2,,0,38/93,12/13,14,256,93,38,0.409,13,12,0.923,72,31,0.431,119,1,37,38,23,3,0,16,30,0.691431451612903,4.073903225806452
6036,lastmonth,Moritz Wagner,4,,0,35/75,24/31,14,199,75,35,0.467,31,24,0.774,26,8,0.308,102,7,29,36,18,13,5,12,27,2.6668447580645176,4.571806451612904
6037,lastmonth,Landry Shamet,1,,0,51/123,12/13,14,322,123,51,0.415,13,12,0.923,91,37,0.407,151,1,34,35,17,4,2,11,19,1.2339737903225805,4.073903225806452
6043,lastmonth,Jevon Carter,0,,0,6/16,0/0,11,60,16,6,0.375,0,0,0.0,10,4,0.4,16,0,10,10,14,4,1,1,6,-0.0948266129032257,-0.0
6050,lastmonth,Isaac Bonga,0,,0,4/13,1/1,8,72,13,4,0.308,1,1,1.0,10,2,0.2,11,1,8,9,4,2,1,3,9,-0.3312177419354838,0.416491935483871
6051,lastmonth,Rodions Kurucs,0,GTD,0,1/9,0/0,5,30,9,1,0.111,0,0,0.0,7,0,0.0,2,1,2,3,2,3,4,4,1,-0.27980443548387096,-0.0
6052,lastmonth,Jarred Vanderbilt,11,,0,32/52,17/24,15,289,52,32,0.615,24,17,0.708,1,0,0.0,81,30,48,78,18,14,8,14,34,7.174258064516129,2.116362903225806
6053,lastmonth,Bruce Brown,28,,0,68/115,28/39,14,365,115,68,0.591,39,28,0.718,16,6,0.375,170,30,44,74,28,16,3,9,34,13.613298387096773,3.7657741935483866
6056,lastmonth,Hamidou Diallo,13,INJ,0,54/132,30/52,12,349,132,54,0.409,52,30,0.577,18,5,0.278,143,20,51,71,39,10,7,20,38,0.9825604838709674,-0.19524193548387192
6057,lastmonth,De'Anthony Melton,23,,0,30/65,11/13,9,164,65,30,0.462,13,11,0.846,37,16,0.432,87,7,22,29,23,13,2,9,9,2.135866935483872,2.8874112903225804
6058,lastmonth,Svi Mykhailiuk,1,,0,39/102,3/6,14,320,102,39,0.382,6,3,0.5,74,26,0.351,107,8,30,38,24,13,3,28,15,-0.34337298387096676,-0.25052419354838706
6059,lastmonth,Keita Bates-Diop,0,,0,11/26,5/6,7,92,26,11,0.423,6,5,0.833,12,5,0.417,32,5,13,18,5,6,1,1,5,0.3541512096774194,1.2474596774193547
6060,lastmonth,Chimezie Metu,0,INJ,0,2/2,0/0,2,10,2,2,1.0,0,0,0.0,0,0,0.0,4,0,0,0,1,0,0,1,0,1.2183911290322582,-0.0
6065,lastmonth,Shake Milton,20,,0,38/91,18/20,8,216,91,38,0.418,20,18,0.9,31,11,0.355,105,8,17,25,24,2,3,12,18,1.0334314516129033,5.696854838709678
6071,lastmonth,Kostas Antetokounmpo,0,,0,1/1,1/2,2,11,1,1,1.0,2,1,0.5,0,0,0.0,3,2,2,4,0,1,0,3,2,0.6091955645161291,-0.08350806451612902
6076,lastmonth,Kenrich Williams,2,,0,60/102,5/10,16,419,102,60,0.588,10,5,0.5,29,12,0.414,137,28,62,90,35,19,3,25,37,11.83173387096774,-0.4175403225806451
6083,lastmonth,Theo Pinson,0,,0,0/0,0/0,4,8,1,0,0.0,0,0,0.0,1,0,0.0,0,0,0,0,1,0,0,0,1,-0.0,-0.0
6092,lastmonth,Wenyen Gabriel,0,,0,0/0,0/0,2,4,0,0,0.0,0,0,0.0,0,0,0.0,0,0,2,2,0,0,0,0,0,-0.0,-0.0
6100,lastmonth,Norvel Pelle,0,,0,3/8,3/4,4,32,8,3,0.375,4,3,0.75,0,0,0.0,9,4,4,8,1,0,3,3,10,-0.04741330645161285,0.49947580645161294
6102,lastmonth,Brandon Goodwin,0,,0,9/20,2/4,5,46,20,9,0.45,4,2,0.5,8,4,0.5,24,1,3,4,7,2,0,3,4,0.5327600806451616,-0.16701612903225804
6109,lastmonth,Drew Eubanks,0,,0,14/31,10/14,9,103,31,14,0.452,14,10,0.714,0,0,0.0,38,7,20,27,8,0,8,6,11,0.8567379032258069,1.3049193548387095
6119,lastmonth,Chris Chiozza,0,,0,6/8,5/6,7,46,8,6,0.75,6,5,0.833,6,4,0.667,21,0,8,8,16,0,1,4,6,2.155173387096774,1.2474596774193547
6121,lastmonth,Gary Clark,0,,0,10/37,2/2,11,175,37,10,0.27,2,2,1.0,32,9,0.281,31,5,19,24,9,4,2,4,10,-1.2080443548387092,0.832983870967742
6132,lastmonth,Yuta Watanabe,0,,0,2/13,0/0,7,78,13,2,0.154,0,0,0.0,7,0,0.0,4,5,17,22,2,2,1,0,7,-0.4736088709677419,-0.0
6133,lastmonth,Jordan McLaughlin,1,,0,28/86,4/5,13,280,86,28,0.326,5,4,0.8,30,10,0.333,70,7,25,32,68,18,3,15,17,-1.8145241935483862,0.8659677419354841
6149,lastmonth,Paul Watson,0,,0,3/9,0/0,6,41,9,3,0.333,0,0,0.0,8,3,0.375,9,1,5,6,1,0,1,0,4,-0.1734133064516128,-0.0
6168,lastmonth,Jarrett Culver,2,,0,3/17,1/2,3,37,17,3,0.176,2,1,0.5,4,0,0.0,7,5,5,10,1,1,1,2,2,-0.6444133064516129,-0.08350806451612902
6170,lastmonth,Jaxson Hayes,3,,0,14/17,3/5,7,81,17,14,0.824,5,3,0.6,0,0,0.0,31,8,13,21,0,3,5,3,10,6.064737903225806,0.04947580645161287
6171,lastmonth,Rui Hachimura,55,,0,69/156,39/48,16,495,156,69,0.442,48,39,0.813,44,12,0.273,189,14,77,91,22,14,0,18,36,3.5324939516129046,8.950185483870966
6173,lastmonth,Cameron Johnson,15,INJ,0,46/104,13/15,14,292,104,46,0.442,15,13,0.867,66,27,0.409,132,7,37,44,16,9,3,11,20,2.3549959677419365,3.6853951612903226
6176,lastmonth,Romeo Langford,0,INJ,0,0/0,0/0,0,0,0,0,0.0,0,0,0.0,0,0,0.0,0,0,0,0,0,0,0,0,0,-0.0,-0.0
6203,lastmonth,Sekou Doumbouya,1,,0,20/57,4/5,12,187,57,20,0.351,5,4,0.8,27,5,0.185,49,7,20,27,10,5,0,4,19,-0.7960887096774194,0.8659677419354841
6204,lastmonth,Chuma Okeke,1,,0,24/67,2/4,14,327,67,24,0.358,4,2,0.5,35,13,0.371,63,13,44,57,28,12,6,9,13,-0.7873064516129031,-0.16701612903225804
6205,lastmonth,Nickeil Alexander-Walker,2,,0,17/40,5/5,10,111,40,17,0.425,5,5,1.0,20,8,0.4,47,1,12,13,14,5,3,6,8,0.5813245967741937,2.082459677419355
6206,lastmonth,Goga Bitadze,1,,0,10/25,1/1,8,75,25,10,0.4,1,1,1.0,11,2,0.182,23,6,10,16,2,1,7,5,15,0.09195564516129073,0.416491935483871
6207,lastmonth,Luka Samanic,0,,0,13/28,3/6,5,89,28,13,0.464,6,3,0.5,17,6,0.353,35,6,22,28,1,3,2,6,10,0.951542338709678,-0.25052419354838706
6208,lastmonth,Matisse Thybulle,7,,0,15/36,3/6,13,260,36,15,0.417,6,3,0.5,21,6,0.286,39,5,18,23,18,17,14,8,28,0.3929334677419355,-0.25052419354838706
6210,lastmonth,Grant Williams,1,,0,23/46,3/5,11,214,46,23,0.5,5,3,0.6,25,10,0.4,59,5,21,26,14,6,4,11,29,2.511497983870968,0.04947580645161287
6212,lastmonth,Ty Jerome,6,,0,15/30,0/0,4,100,30,15,0.5,0,0,0.0,19,7,0.368,37,3,8,11,13,3,0,2,14,1.6379334677419357,-0.0
6213,lastmonth,Nassir Little,0,,0,18/41,14/16,11,139,41,18,0.439,16,14,0.875,25,10,0.4,60,4,20,24,5,1,1,5,13,0.8675201612903229,4.080887096774194
6214,lastmonth,Dylan Windler,1,,0,32/73,15/19,13,269,73,32,0.438,19,15,0.789,42,15,0.357,94,15,52,67,21,7,6,14,19,1.5102580645161297,3.082379032258065
6215,lastmonth,Mfiondu Kabengele,0,,0,2/8,0/0,6,24,8,2,0.25,0,0,0.0,5,1,0.2,5,0,2,2,2,0,1,2,2,-0.2816088709677419,-0.0
6216,lastmonth,Jordan Poole,0,,0,10/16,1/1,1,26,16,10,0.625,1,1,1.0,10,5,0.5,26,0,3,3,1,1,1,0,0,2.3419556451612906,0.416491935483871
6218,lastmonth,Kevin Porter Jr.,21,,0,0/0,0/0,0,0,0,0,0.0,0,0,0.0,0,0,0.0,0,0,0,0,0,0,0,0,0,-0.0,-0.0
6219,lastmonth,Nicolas Claxton,15,,0,20/29,10/14,5,75,29,20,0.69,14,10,0.714,1,0,0.0,50,4,13,17,5,5,7,2,8,5.98391129032258,1.3049193548387095
6220,lastmonth,KZ Okpala,0,,0,2/9,0/0,7,34,9,2,0.222,0,0,0.0,5,1,0.2,5,4,5,9,1,0,2,2,5,-0.3376088709677419,-0.0
6221,lastmonth,Carsen Edwards,0,,0,13/30,4/5,6,74,30,13,0.433,5,4,0.8,19,6,0.316,36,0,6,6,3,1,0,0,6,0.5485423387096776,0.8659677419354841
6222,lastmonth,Bruno Fernando,0,,0,4/7,2/4,6,43,7,4,0.571,4,2,0.5,0,0,0.0,10,1,15,16,2,0,1,3,5,0.720782258064516,-0.16701612903225804
6224,lastmonth,Cody Martin,0,,0,18/36,2/2,10,136,36,18,0.5,2,2,1.0,10,2,0.2,40,11,16,27,10,7,4,9,6,1.965520161290323,0.832983870967742
6225,lastmonth,Deividas Sirvydis,0,,0,0/0,1/2,2,5,1,0,0.0,2,1,0.5,1,0,0.0,1,0,1,1,1,0,0,0,1,-0.0,-0.08350806451612902
6226,lastmonth,Daniel Gafford,0,,0,12/17,6/8,8,78,17,12,0.706,8,6,0.75,0,0,0.0,30,9,15,24,6,2,13,9,14,3.782346774193548,0.9989516129032259
6227,lastmonth,Alen Smailagic,0,,0,0/0,0/0,0,0,0,0,0.0,0,0,0.0,0,0,0.0,0,0,0,0,0,0,0,0,0,-0.0,-0.0
6228,lastmonth,Justin James,0,,0,3/8,1/1,6,21,8,3,0.375,1,1,1.0,5,2,0.4,9,1,1,2,2,2,0,2,2,-0.04741330645161285,0.416491935483871
6229,lastmonth,Eric Paschall,6,,0,55/107,23/34,14,247,107,55,0.514,34,23,0.676,16,4,0.25,137,9,46,55,16,5,2,23,23,6.775756048387098,2.1273145161290334
6231,lastmonth,Jaylen Nowell,1,,0,46/112,21/25,15,254,112,46,0.411,25,21,0.84,47,17,0.362,130,4,27,31,16,7,3,6,28,0.9289959677419353,5.38633064516129
6232,lastmonth,Bol Bol,2,,0,5/7,0/0,4,25,7,5,0.714,0,0,0.0,4,3,0.75,13,0,4,4,2,2,1,3,2,1.6159778225806452,-0.0
6233,lastmonth,Isaiah Roby,10,,0,43/86,19/26,13,314,86,43,0.5,26,19,0.731,28,10,0.357,115,21,65,86,33,16,8,26,40,4.695409274193549,2.8023467741935484
6234,lastmonth,Talen Horton-Tucker,5,,0,41/98,13/17,14,265,98,41,0.418,17,13,0.765,28,6,0.214,101,2,29,31,34,9,11,22,31,1.1150181451612904,2.359395161290323
6235,lastmonth,Ignas Brazdeikis,0,,0,0/0,0/0,0,0,0,0,0.0,0,0,0.0,0,0,0.0,0,0,0,0,0,0,0,0,0,-0.0,-0.0
6236,lastmonth,Terance Mann,0,,0,38/72,21/25,15,328,72,38,0.528,25,21,0.84,16,8,0.5,105,17,43,60,30,6,3,13,35,5.213431451612905,5.38633064516129
6237,lastmonth,Quinndary Weatherspoon,0,,0,1/4,0/0,2,14,4,1,0.25,0,0,0.0,1,0,0.0,2,0,1,1,0,0,0,2,6,-0.14080443548387095,-0.0
6238,lastmonth,Jarrell Brantley,0,,0,1/3,0/0,4,9,3,1,0.333,0,0,0.0,2,0,0.0,2,1,3,4,0,1,0,0,0,-0.05780443548387093,-0.0
6239,lastmonth,Tremont Waters,0,,0,4/6,2/2,3,14,6,4,0.667,2,2,1.0,4,3,0.75,13,0,1,1,8,1,0,1,0,1.1047822580645164,0.832983870967742
6240,lastmonth,Jalen McDaniels,0,,0,16/41,6/8,8,130,41,16,0.39,8,6,0.75,17,4,0.235,42,5,21,26,3,0,4,6,17,-0.012870967741934969,0.9989516129032259
6243,lastmonth,Kyle Guy,0,,0,8/23,2/2,8,61,23,8,0.348,2,2,1.0,13,3,0.231,21,2,3,5,5,1,0,3,5,-0.3424354838709678,0.832983870967742
6246,lastmonth,Miye Oni,0,,0,8/17,4/4,10,84,17,8,0.471,4,4,1.0,15,7,0.467,27,8,9,17,0,3,0,3,14,0.6415645161290322,1.665967741935484
6251,lastmonth,Jalen Lecque,0,,0,0/0,0/0,0,0,0,0,0.0,0,0,0.0,0,0,0.0,0,0,0,0,0,0,0,0,0,-0.0,-0.0
6252,lastmonth,Adam Mokoka,0,,0,0/0,0/0,1,1,0,0,0.0,0,0,0.0,0,0,0.0,0,0,0,0,0,0,0,0,0,-0.0,-0.0
6253,lastmonth,Naz Reid,22,,0,75/148,19/28,15,277,148,75,0.507,28,19,0.679,39,9,0.231,178,15,52,67,20,9,14,13,43,8.71466733870968,1.8143467741935495
6254,lastmonth,Luguentz Dort,26,,0,68/192,34/47,15,485,192,68,0.354,47,34,0.723,98,27,0.276,197,13,45,58,26,15,4,28,37,-2.502701612903226,4.742725806451612
6255,lastmonth,John Konchar,0,,0,8/25,6/8,9,130,25,8,0.32,8,6,0.75,10,1,0.1,23,5,17,22,6,6,1,6,12,-0.5664354838709675,0.9989516129032259
6256,lastmonth,Dean Wade,2,,0,22/40,6/10,11,161,40,22,0.55,10,6,0.6,31,15,0.484,65,9,33,42,9,1,4,4,10,3.50230241935484,0.09895161290322574
6258,lastmonth,Chris Silva,0,,0,0/0,0/0,0,0,0,0,0.0,0,0,0.0,0,0,0.0,0,0,0,0,0,0,0,0,0,-0.0,-0.0
6259,lastmonth,Garrison Mathews,1,,0,24/59,17/18,16,225,59,24,0.407,18,17,0.944,48,19,0.396,84,4,20,24,4,6,4,2,23,0.3886935483870966,6.128362903225806
6260,lastmonth,Vincent Poirier,0,,0,0/0,0/0,2,4,1,0,0.0,0,0,0.0,0,0,0.0,0,0,0,0,0,0,0,1,1,-0.0,-0.0
6264,lastmonth,Matt Thomas,0,,0,7/20,1/2,10,72,20,7,0.35,2,1,0.5,12,3,0.25,18,0,7,7,4,0,0,1,4,-0.2856310483870968,-0.08350806451612902
6267,lastmonth,Max Strus,0,,0,20/47,7/9,7,110,47,20,0.426,9,7,0.778,40,14,0.35,61,1,5,6,4,1,0,0,8,0.7039112903225808,1.361443548387097
6268,lastmonth,Tacko Fall,1,,0,4/5,1/4,3,15,5,4,0.8,4,1,0.25,0,0,0.0,9,4,2,6,1,0,2,0,4,1.6367822580645164,-0.333508064516129
6269,lastmonth,Javonte Green,0,,0,16/24,9/13,10,121,24,16,0.667,13,9,0.692,6,3,0.5,44,5,10,15,2,7,1,4,16,4.419129032258065,0.9764274193548383
6270,lastmonth,Nicolo Melli,0,,0,2/13,0/0,5,51,13,2,0.154,0,0,0.0,12,2,0.167,6,1,10,11,5,2,0,1,6,-0.4736088709677419,-0.0
6275,lastmonth,Caleb Martin,0,,0,13/39,2/5,7,117,39,13,0.333,5,2,0.4,15,6,0.4,34,6,21,27,2,6,2,4,7,-0.7514576612903221,-0.367016129032258
6276,lastmonth,DaQuan Jeffries,0,,0,22/52,6/7,12,189,52,22,0.423,7,6,0.857,24,8,0.333,58,7,14,21,4,5,4,5,17,0.7083024193548388,1.6409516129032258
6280,lastmonth,Terence Davis,1,GTD,0,34/90,9/10,14,224,90,34,0.378,10,9,0.9,56,18,0.321,95,4,27,31,19,7,3,7,17,-0.43535080645161217,2.848427419354839
6281,lastmonth,Kelan Martin,0,,0,2/4,2/2,3,9,4,2,0.5,2,2,1.0,3,1,0.333,7,0,3,3,0,1,0,0,1,0.2183911290322581,0.832983870967742
6282,lastmonth,Tyler Cook,0,,0,1/3,0/0,4,16,3,1,0.333,0,0,0.0,0,0,0.0,2,1,1,2,2,0,0,1,2,-0.05780443548387093,-0.0
6284,lastmonth,Juwan Morgan,0,,0,0/0,1/4,5,10,1,0,0.0,4,1,0.25,1,0,0.0,1,1,0,1,1,0,0,0,2,-0.0,-0.333508064516129
6289,lastmonth,Moses Brown,0,,0,0/0,0/0,0,0,0,0,0.0,0,0,0.0,0,0,0.0,0,0,0,0,0,0,0,0,0,-0.0,-0.0
6292,lastmonth,Devontae Cacok,0,,0,3/3,0/0,3,15,3,3,1.0,2,0,0.0,0,0,0.0,6,1,4,5,0,2,0,2,0,1.8275866935483873,-0.0
6294,lastmonth,Brian Bowen II,0,,0,0/0,0/0,0,0,0,0,0.0,0,0,0.0,0,0,0.0,0,0,0,0,0,0,0,0,0,-0.0,-0.0
6307,lastmonth,Mychal Mulder,0,,0,22/56,1/4,13,148,56,22,0.393,4,1,0.25,48,18,0.375,63,1,11,12,5,2,3,4,11,0.048302419354839476,-0.333508064516129
6315,lastmonth,Amir Coffey,0,,0,11/14,1/2,4,62,14,11,0.786,2,1,0.5,9,7,0.778,30,1,7,8,2,1,0,5,3,4.34715120967742,-0.08350806451612902
6322,lastmonth,Jared Harper,0,,0,0/0,0/0,0,0,0,0,0.0,0,0,0.0,0,0,0.0,0,0,0,0,0,0,0,0,0,-0.0,-0.0
6326,lastmonth,Marques Bolden,0,,0,0/0,0/0,0,0,0,0,0.0,0,0,0.0,0,0,0.0,0,0,0,0,0,0,0,0,0,-0.0,-0.0
6329,lastmonth,Juan Toscano-Anderson,1,,0,33/64,9/12,14,311,64,33,0.516,12,9,0.75,20,7,0.35,82,14,58,72,33,10,5,19,30,4.131453629032259,1.4984274193548388
6330,lastmonth,Keljin Blevins,0,,0,1/2,0/0,1,9,2,1,0.5,0,0,0.0,1,0,0.0,2,0,2,2,0,0,0,0,0,0.10919556451612905,-0.0
6334,lastmonth,Donta Hall,0,,0,0/0,0/0,0,0,0,0,0.0,0,0,0.0,0,0,0.0,0,0,0,0,0,0,0,0,0,-0.0,-0.0
6337,lastmonth,Rayjon Tucker,0,,0,0/0,0/0,0,0,0,0,0.0,0,0,0.0,0,0,0.0,0,0,0,0,0,0,0,0,0,-0.0,-0.0
6353,lastmonth,Gabe Vincent,0,,0,16/40,4/4,13,126,40,16,0.4,4,4,1.0,27,8,0.296,44,2,6,8,6,6,1,2,19,0.14712903225806517,1.665967741935484
6354,lastmonth,Jontay Porter,0,,0,0/0,0/0,0,0,0,0,0.0,0,0,0.0,0,0,0.0,0,0,0,0,0,0,0,0,0,-0.0,-0.0
6396,lastmonth,Patrick Williams,20,,0,57/117,25/31,14,446,117,57,0.487,31,25,0.806,32,13,0.406,152,14,72,86,19,10,14,20,32,5.483147177419355,5.562298387096776
6397,lastmonth,Isaac Okoro,11,,0,44/105,12/18,14,435,105,44,0.419,18,12,0.667,51,16,0.314,116,14,30,44,24,15,10,22,50,1.2406048387096775,1.0019032258064522
6398,lastmonth,Onyeka Okongwu,1,,0,13/22,7/10,11,99,22,13,0.591,10,7,0.7,1,0,0.0,33,7,14,21,3,4,1,5,19,2.6025423387096773,0.8154435483870965
6399,lastmonth,Killian Hayes,16,INJ,0,0/0,0/0,0,0,0,0,0.0,0,0,0.0,0,0,0.0,0,0,0,0,0,0,0,0,0,-0.0,-0.0
6400,lastmonth,Obi Toppin,15,,0,29/53,3/5,14,186,53,29,0.547,5,3,0.6,19,6,0.316,67,6,29,35,7,6,4,7,17,4.529671370967744,0.04947580645161287
6401,lastmonth,Deni Avdija,6,,0,29/76,5/10,16,321,76,29,0.382,10,5,0.5,42,10,0.238,73,5,78,83,12,8,3,15,39,-0.25532862903225734,-0.4175403225806451
6402,lastmonth,Jalen Smith,0,,0,1/3,0/0,5,12,3,1,0.333,0,0,0.0,2,0,0.0,2,0,2,2,0,0,0,0,1,-0.05780443548387093,-0.0
6403,lastmonth,Devin Vassell,1,INJ,0,11/24,1/2,5,79,24,11,0.458,2,1,0.5,12,5,0.417,28,3,9,12,4,5,3,4,8,0.7391512096774198,-0.08350806451612902
6405,lastmonth,Kira Lewis Jr.,1,,0,28/66,6/10,11,186,66,28,0.424,10,6,0.6,28,9,0.321,71,2,10,12,27,10,0,8,18,0.9294758064516131,0.09895161290322574
6406,lastmonth,Aaron Nesmith,1,,0,13/26,8/12,9,166,26,13,0.5,12,8,0.667,19,8,0.421,42,7,22,29,3,3,3,4,21,1.4195423387096777,0.6679354838709681
6407,lastmonth,Cole Anthony,20,INJ,0,13/33,3/5,3,75,33,13,0.394,5,3,0.6,8,3,0.375,32,2,9,11,14,4,2,8,3,0.041542338709677884,0.04947580645161287
6408,lastmonth,Isaiah Stewart,8,,0,44/66,5/9,15,290,66,44,0.667,9,5,0.556,3,1,0.333,94,29,64,93,11,10,18,18,40,12.15260483870968,-0.13754032258064486
6409,lastmonth,Aleksej Pokusevski,1,,0,0/0,0/0,0,0,0,0,0.0,0,0,0.0,0,0,0.0,0,0,0,0,0,0,0,0,0,-0.0,-0.0
6410,lastmonth,Josh Green,0,,0,0/0,0/0,0,0,0,0,0.0,0,0,0.0,0,0,0.0,0,0,0,0,0,0,0,0,0,-0.0,-0.0
6412,lastmonth,Precious Achiuwa,2,,0,24/49,10/18,14,159,49,24,0.49,18,10,0.556,0,0,0.0,58,12,30,42,4,6,6,9,16,2.380693548387097,-0.2750806451612897
6413,lastmonth,Tyrese Maxey,4,,0,17/45,5/5,9,98,45,17,0.378,5,5,1.0,7,0,0.0,39,2,9,11,13,0,2,6,10,-0.21767540322580609,2.082459677419355
6414,lastmonth,Zeke Nnaji,0,,0,27/51,5/7,13,223,51,27,0.529,7,5,0.714,33,14,0.424,73,8,20,28,3,3,1,5,13,3.731280241935485,0.6524596774193547
6416,lastmonth,R.J. Hampton,0,INJ,0,20/46,5/8,10,173,46,20,0.435,8,5,0.625,16,5,0.313,50,7,33,40,11,2,2,5,16,0.883911290322581,0.2074596774193549
6417,lastmonth,Immanuel Quickley,29,,0,46/128,48/50,14,250,128,46,0.359,50,48,0.96,71,28,0.394,168,8,25,33,28,7,1,13,23,-1.4630040322580644,18.071612903225805
6418,lastmonth,Payton Pritchard,3,,0,45/104,8/8,16,346,104,45,0.433,8,8,1.0,62,24,0.387,122,10,27,37,33,5,0,12,34,1.898800403225807,3.331935483870968
6419,lastmonth,Udoka Azubuike,0,INJ,0,0/0,0/0,0,0,0,0,0.0,0,0,0.0,0,0,0.0,0,0,0,0,0,0,0,0,0,-0.0,-0.0
6420,lastmonth,Jaden McDaniels,1,,0,28/72,9/14,15,333,72,28,0.389,14,9,0.643,47,15,0.319,80,7,47,54,18,6,18,14,31,-0.05052419354838622,0.535427419354839
6421,lastmonth,Malachi Flynn,0,INJ,0,1/6,2/2,2,20,6,1,0.167,2,2,1.0,3,0,0.0,4,0,2,2,0,0,0,0,2,-0.22380443548387094,0.832983870967742
6422,lastmonth,Desmond Bane,3,,0,38/84,9/9,11,255,84,38,0.452,9,9,1.0,41,14,0.341,99,5,28,33,13,10,2,11,21,2.3254314516129044,3.748427419354839
6423,lastmonth,Tyrell Terry,0,,0,0/0,0/0,0,0,0,0,0.0,0,0,0.0,0,0,0.0,0,0,0,0,0,0,0,0,0,-0.0,-0.0
6424,lastmonth,Vernon Carey Jr.,0,,0,0/0,0/0,0,0,0,0,0.0,0,0,0.0,0,0,0.0,0,0,0,0,0,0,0,0,0,-0.0,-0.0
6425,lastmonth,Daniel Oturu,0,INJ,0,0/0,0/0,0,0,0,0,0.0,0,0,0.0,0,0,0.0,0,0,0,0,0,0,0,0,0,-0.0,-0.0
6426,lastmonth,Theo Maledon,12,,0,32/80,12/13,11,351,80,32,0.4,13,12,0.923,49,17,0.347,93,3,37,40,48,12,1,21,28,0.29425806451613035,4.073903225806452
6427,lastmonth,Xavier Tillman,3,,0,34/70,8/11,15,293,70,34,0.486,11,8,0.727,21,7,0.333,83,24,41,65,25,10,6,17,37,3.2366491935483874,1.1479354838709677
6428,lastmonth,Tyler Bey,0,,0,0/0,0/0,0,0,0,0,0.0,0,0,0.0,0,0,0.0,0,0,0,0,0,0,0,0,0,-0.0,-0.0
6430,lastmonth,Saben Lee,9,,0,34/59,20/31,10,189,59,34,0.576,31,20,0.645,5,4,0.8,92,5,15,20,29,7,5,9,19,6.296649193548387,1.22983870967742
6431,lastmonth,Elijah Hughes,0,,0,0/0,0/0,0,0,0,0,0.0,0,0,0.0,0,0,0.0,0,0,0,0,0,0,0,0,0,-0.0,-0.0
6432,lastmonth,Robert Woodard II,0,INJ,0,0/0,0/0,0,0,0,0,0.0,0,0,0.0,0,0,0.0,0,0,0,0,0,0,0,0,0,-0.0,-0.0
6433,lastmonth,Tre Jones,0,,0,3/3,0/0,3,16,3,3,1.0,0,0,0.0,0,0,0.0,6,0,0,0,2,0,0,2,2,1.8275866935483873,-0.0
6434,lastmonth,Nick Richards,0,,0,1/4,4/4,3,10,4,1,0.25,4,4,1.0,0,0,0.0,6,1,1,2,0,0,0,1,2,-0.14080443548387095,1.665967741935484
6435,lastmonth,Jahmi'us Ramsey,0,,0,0/0,0/0,0,0,0,0,0.0,0,0,0.0,0,0,0.0,0,0,0,0,0,0,0,0,0,-0.0,-0.0
6437,lastmonth,Jordan Nwora,0,INJ,0,0/0,0/0,0,0,0,0,0.0,0,0,0.0,0,0,0.0,0,0,0,0,0,0,0,0,0,-0.0,-0.0
6438,lastmonth,CJ Elleby,0,,0,2/9,0/0,4,29,9,2,0.222,0,0,0.0,6,1,0.167,5,0,2,2,0,2,0,1,6,-0.3376088709677419,-0.0
6440,lastmonth,Nico Mannion,0,,0,3/10,0/0,1,31,10,3,0.3,0,0,0.0,5,3,0.6,9,0,4,4,6,1,0,5,3,-0.2724133064516129,-0.0
6441,lastmonth,Isaiah Joe,0,,0,4/16,0/0,8,45,16,4,0.25,0,0,0.0,11,4,0.364,12,2,3,5,2,3,0,0,1,-0.5632177419354838,-0.0
6442,lastmonth,Skylar Mays,0,,0,19/43,14/16,11,117,43,19,0.442,16,14,0.875,21,8,0.381,60,5,5,10,17,6,0,4,4,0.972715725806452,4.080887096774194
6444,lastmonth,KJ Martin Jr.,0,,0,0/0,0/0,0,0,0,0,0.0,0,0,0.0,0,0,0.0,0,0,0,0,0,0,0,0,0,-0.0,-0.0
6445,lastmonth,Cassius Winston,0,,0,0/0,0/0,0,0,0,0,0.0,0,0,0.0,0,0,0.0,0,0,0,0,0,0,0,0,0,-0.0,-0.0
6446,lastmonth,Cassius Stanley,0,,0,0/0,0/0,0,0,0,0,0.0,0,0,0.0,0,0,0.0,0,0,0,0,0,0,0,0,0,-0.0,-0.0
6447,lastmonth,Jay Scrubb,0,INJ,0,0/0,0/0,0,0,0,0,0.0,0,0,0.0,0,0,0.0,0,0,0,0,0,0,0,0,0,-0.0,-0.0
6448,lastmonth,Grant Riller,0,INJ,0,0/0,0/0,0,0,0,0,0.0,0,0,0.0,0,0,0.0,0,0,0,0,0,0,0,0,0,-0.0,-0.0
6449,lastmonth,Reggie Perry,0,,0,0/0,0/0,0,0,0,0,0.0,0,0,0.0,0,0,0.0,0,0,0,0,0,0,0,0,0,-0.0,-0.0
6450,lastmonth,Paul Reed,0,,0,0/0,0/0,0,0,0,0,0.0,0,0,0.0,0,0,0.0,0,0,0,0,0,0,0,0,0,-0.0,-0.0
6451,lastmonth,Jalen Harris,0,,0,0/0,0/0,0,0,0,0,0.0,0,0,0.0,0,0,0.0,0,0,0,0,0,0,0,0,0,-0.0,-0.0
6452,lastmonth,Sam Merrill,0,,0,2/7,0/0,4,23,7,2,0.286,0,0,0.0,3,1,0.333,5,1,3,4,1,1,0,0,3,-0.20960887096774194,-0.0
6453,lastmonth,Mason Jones,0,,0,8/33,17/22,9,93,33,8,0.242,22,17,0.773,21,3,0.143,36,1,18,19,10,2,0,10,7,-1.1904354838709676,3.221362903225807
6454,lastmonth,Devon Dotson,0,INJ,0,0/0,0/0,0,0,0,0,0.0,0,0,0.0,0,0,0.0,0,0,0,0,0,0,0,0,0,-0.0,-0.0
6455,lastmonth,Ty-Shon Alexander,0,,0,0/0,0/0,0,0,0,0,0.0,0,0,0.0,0,0,0.0,0,0,0,0,0,0,0,0,0,-0.0,-0.0
6456,lastmonth,Mamadi Diakite,0,INJ,0,0/0,0/0,0,0,0,0,0.0,0,0,0.0,0,0,0.0,0,0,0,0,0,0,0,0,0,-0.0,-0.0
6459,lastmonth,Lamar Stevens,0,,0,18/47,13/18,12,182,47,18,0.383,18,13,0.722,9,1,0.111,50,7,27,34,15,6,5,11,27,-0.14047983870967695,1.8003951612903224
6460,lastmonth,Killian Tillie,0,,0,1/4,0/0,2,21,4,1,0.25,0,0,0.0,2,1,0.5,3,1,1,2,0,1,0,1,5,-0.14080443548387095,-0.0
6461,lastmonth,Sean McDermott,0,,0,8/16,4/4,5,84,16,8,0.5,4,4,1.0,10,4,0.4,24,2,7,9,1,1,2,1,5,0.8735645161290324,1.665967741935484
6462,lastmonth,Nathan Knight,0,,0,2/5,2/2,2,14,5,2,0.4,2,2,1.0,2,0,0.0,6,1,2,3,0,1,0,1,0,0.018391129032258147,0.832983870967742
6464,lastmonth,Trent Forrest,0,,0,0/0,0/0,5,10,3,0,0.0,0,0,0.0,2,0,0.0,0,0,2,2,3,1,0,1,0,-0.0,-0.0
6465,lastmonth,Ashton Hagans,0,,0,0/0,0/0,0,0,0,0,0.0,0,0,0.0,0,0,0.0,0,0,0,0,0,0,0,0,0,-0.0,-0.0
6466,lastmonth,Markus Howard,0,INJ,0,2/17,1/2,7,36,17,2,0.118,2,1,0.5,12,1,0.083,6,0,4,4,3,2,0,3,4,-0.5456088709677419,-0.08350806451612902
6468,lastmonth,Facundo Campazzo,3,INJ,0,29/65,17/20,10,248,65,29,0.446,20,17,0.85,44,17,0.386,92,2,14,16,30,14,5,10,21,1.6006713709677427,4.530362903225806
6471,lastmonth,Anthony Gill,0,,0,0/0,1/2,4,7,0,0,0.0,2,1,0.5,0,0,0.0,1,1,1,2,1,0,2,0,0,-0.0,-0.08350806451612902
6472,lastmonth,Nate Hinton,0,,0,0/0,0/0,0,0,0,0,0.0,0,0,0.0,0,0,0.0,0,0,0,0,0,0,0,0,0,-0.0,-0.0
6474,lastmonth,Nate Darling,0,,0,0/0,0/0,0,0,0,0,0.0,0,0,0.0,0,0,0.0,0,0,0,0,0,0,0,0,0,-0.0,-0.0
6483,lastmonth,Brodric Thomas,0,,0,0/0,0/0,0,0,0,0,0.0,0,0,0.0,0,0,0.0,0,0,0,0,0,0,0,0,0,-0.0,-0.0
6488,lastmonth,Will Magnay,0,INJ,0,0/0,0/0,0,0,0,0,0.0,0,0,0.0,0,0,0.0,0,0,0,0,0,0,0,0,0,-0.0,-0.0
6497,lastmonth,Karim Mane,0,,0,0/0,0/0,0,0,0,0,0.0,0,0,0.0,0,0,0.0,0,0,0,0,0,0,0,0,0,-0.0,-0.0
6498,lastmonth,Josh Hall,0,,0,0/0,0/0,0,0,0,0,0.0,0,0,0.0,0,0,0.0,0,0,0,0,0,0,0,0,0,-0.0,-0.0
6499,lastmonth,Naji Marshall,0,,0,0/0,0/0,0,0,0,0,0.0,0,0,0.0,0,0,0.0,0,0,0,0,0,0,0,0,0,-0.0,-0.0
